ticker,ltp_received_time,ltp_received_cpu,signal_generated_time,signal_generated_cpu,order_submitted_time,order_submitted_cpu,delta_signal,delta_signal_cpu,delta_order,delta_order_cpu
GOOGL,5105.7,39281408.3,5177.6,39281862.5,,,71.9,454.3,,
PLTR,5105.7,39281408.3,5180.3,39281865.2,,,74.6,456.9,,
ORCL,5105.7,39281408.3,5183.1,39281868.0,,,77.4,459.7,,
XOM,5105.7,39281408.3,5185.8,39281870.7,,,80.1,462.5,,
AMZN,5105.7,39281408.3,5188.6,39281873.6,,,82.9,465.3,,
AAPL,5105.7,39281408.3,5191.5,39281876.5,,,85.9,468.2,,
GOOG,5105.7,39281408.3,5194.8,39281879.7,,,89.1,471.4,,
NFLX,5105.7,39281408.3,5199.7,39281884.6,,,94.0,476.4,,
GOOGL,5209.2,39283998.1,5281.8,39284453.4,,,72.5,455.3,,
PLTR,5209.2,39283998.1,5284.4,39284456.1,,,75.2,458.0,,
ORCL,5209.2,39283998.1,5287.3,39284459.0,,,78.0,460.8,,
XOM,5209.2,39283998.1,5289.9,39284461.6,,,80.7,463.5,,
AMZN,5209.2,39283998.1,5292.9,39284464.7,,,83.7,466.6,,
AAPL,5209.2,39283998.1,5296.9,39284468.6,,,87.7,470.5,,
GOOG,5209.2,39283998.1,5301.5,39284473.3,,,92.3,475.2,,
NFLX,5209.2,39283998.1,5306.3,39284478.0,,,97.1,479.9,,
GOOGL,5317.1,39286597.8,5387.3,39287050.0,,,70.2,452.1,,
PLTR,5317.1,39286597.8,5389.9,39287052.6,,,72.8,454.7,,
ORCL,5317.1,39286597.8,5392.8,39287055.5,,,75.7,457.6,,
XOM,5317.1,39286597.8,5395.5,39287058.2,,,78.4,460.4,,
AMZN,5317.1,39286597.8,5398.3,39287061.0,,,81.2,463.2,,
AAPL,5317.1,39286597.8,5401.2,39287063.9,,,84.1,466.1,,
GOOG,5317.1,39286597.8,5404.9,39287067.7,,,87.8,469.8,,
NFLX,5317.1,39286597.8,5409.5,39287072.2,,,92.4,474.4,,
GOOGL,5420.2,39289189.8,5489.5,39289653.1,,,69.3,463.2,,
PLTR,5420.2,39289189.8,5492.1,39289655.7,,,71.9,465.9,,
ORCL,5420.2,39289189.8,5494.9,39289658.5,,,74.7,468.7,,
XOM,5420.2,39289189.8,5497.6,39289661.2,,,77.4,471.4,,
AMZN,5420.2,39289189.8,5501.2,39289664.8,,,81.0,475.0,,
AAPL,5420.2,39289189.8,5505.0,39289668.6,,,84.8,478.8,,
GOOG,5420.2,39289189.8,5509.9,39289673.5,,,89.7,483.7,,
NFLX,5420.2,39289189.8,5514.0,39289677.7,,,93.8,487.8,,
GOOGL,5525.0,39291800.4,5595.8,39292260.6,,,70.7,460.2,,
PLTR,5525.0,39291800.4,5598.4,39292263.3,,,73.4,462.9,,
ORCL,5525.0,39291800.4,5601.2,39292266.0,,,76.2,465.7,,
XOM,5525.0,39291800.4,5604.0,39292268.8,,,79.0,468.4,,
AMZN,5525.0,39291800.4,5606.8,39292271.6,,,81.8,471.3,,
AAPL,5525.0,39291800.4,5611.0,39292275.8,,,86.0,475.5,,
GOOG,5525.0,39291800.4,5616.0,39292280.9,,,91.0,480.5,,
NFLX,5525.0,39291800.4,5619.2,39292284.0,,,94.2,483.6,,
GOOGL,5629.0,39294408.2,5698.4,39294874.6,,,69.3,466.4,,
PLTR,5629.0,39294408.2,5701.0,39294877.3,,,72.0,469.1,,
ORCL,5629.0,39294408.2,5704.8,39294881.1,,,75.8,472.9,,
XOM,5629.0,39294408.2,5707.8,39294884.1,,,78.8,475.9,,
AMZN,5629.0,39294408.2,5710.6,39294886.9,,,81.6,478.7,,
AAPL,5629.0,39294408.2,5715.0,39294891.6,,,86.0,483.4,,
GOOG,5629.0,39294408.2,5720.0,39294896.8,,,91.0,488.6,,
NFLX,5629.0,39294408.2,5726.1,39294905.4,,,97.1,497.2,,
GOOGL,5737.0,39297030.1,5807.4,39297485.2,,,70.4,455.1,,
PLTR,5737.0,39297030.1,5809.9,39297487.8,,,73.0,457.6,,
ORCL,5737.0,39297030.1,5812.7,39297490.5,,,75.7,460.4,,
XOM,5737.0,39297030.1,5815.6,39297493.4,,,78.6,463.3,,
AMZN,5737.0,39297030.1,5819.2,39297497.1,,,82.3,467.0,,
AAPL,5737.0,39297030.1,5822.3,39297500.2,,,85.4,470.1,,
GOOG,5737.0,39297030.1,5827.8,39297505.7,,,90.8,475.6,,
NFLX,5737.0,39297030.1,5831.9,39297509.9,,,95.0,479.7,,
GOOGL,5844.2,39299633.5,5912.3,39300087.4,,,68.1,453.9,,
PLTR,5844.2,39299633.5,5915.1,39300090.1,,,70.9,456.7,,
ORCL,5844.2,39299633.5,5918.2,39300093.3,,,74.0,459.8,,
XOM,5844.2,39299633.5,5922.2,39300097.2,,,77.9,463.8,,
AMZN,5844.2,39299633.5,5925.1,39300100.1,,,80.8,466.7,,
AAPL,5844.2,39299633.5,5930.4,39300105.5,,,86.2,472.0,,
GOOG,5844.2,39299633.5,5935.4,39300110.5,,,91.2,477.1,,
NFLX,5844.2,39299633.5,5939.7,39300114.8,,,95.5,481.3,,
GOOGL,5951.8,39302239.4,6021.9,39302701.9,,,70.1,462.4,,
PLTR,5951.8,39302239.4,6024.5,39302704.4,,,72.6,465.0,,
ORCL,5951.8,39302239.4,6027.2,39302707.2,,,75.4,467.8,,
XOM,5951.8,39302239.4,6030.7,39302710.6,,,78.8,471.2,,
AMZN,5951.8,39302239.4,6034.3,39302714.3,,,82.5,474.9,,
AAPL,5951.8,39302239.4,6037.9,39302717.8,,,86.0,478.4,,
GOOG,5951.8,39302239.4,6043.1,39302723.1,,,91.3,483.7,,
NFLX,5951.8,39302239.4,6046.8,39302726.8,,,95.0,487.4,,
GOOGL,6058.6,39304857.5,6130.6,39305311.6,,,72.0,454.0,,
PLTR,6058.6,39304857.5,6133.3,39305314.3,,,74.7,456.8,,
ORCL,6058.6,39304857.5,6136.1,39305317.1,,,77.5,459.6,,
XOM,6058.6,39304857.5,6138.8,39305319.8,,,80.2,462.3,,
AMZN,6058.6,39304857.5,6141.6,39305322.6,,,83.0,465.0,,
AAPL,6058.6,39304857.5,6145.7,39305326.7,,,87.1,469.2,,
GOOG,6058.6,39304857.5,6150.6,39305331.6,,,92.0,474.1,,
NFLX,6058.6,39304857.5,6153.8,39305334.8,,,95.2,477.3,,
GOOGL,6165.1,39307460.4,6235.5,39307922.7,,,70.4,462.3,,
PLTR,6165.1,39307460.4,6238.0,39307925.3,,,72.9,464.9,,
ORCL,6165.1,39307460.4,6240.8,39307928.1,,,75.7,467.7,,
XOM,6165.1,39307460.4,6243.5,39307930.8,,,78.4,470.4,,
AMZN,6165.1,39307460.4,6247.4,39307934.6,,,82.3,474.3,,
AAPL,6165.1,39307460.4,6252.4,39307939.7,,,87.3,479.3,,
GOOG,6165.1,39307460.4,6255.6,39307942.9,,,90.5,482.6,,
NFLX,6165.1,39307460.4,6258.6,39307945.9,,,93.5,485.5,,
GOOGL,6269.7,39310069.7,6341.0,39310522.0,,,71.3,452.3,,
PLTR,6269.7,39310069.7,6343.5,39310524.5,,,73.8,454.8,,
ORCL,6269.7,39310069.7,6346.3,39310527.2,,,76.6,457.5,,
XOM,6269.7,39310069.7,6349.0,39310530.0,,,79.3,460.3,,
AMZN,6269.7,39310069.7,6351.7,39310532.7,,,82.0,463.0,,
AAPL,6269.7,39310069.7,6354.5,39310535.5,,,84.8,465.8,,
GOOG,6269.7,39310069.7,6359.8,39310540.8,,,90.1,471.1,,
NFLX,6269.7,39310069.7,6364.0,39310545.0,,,94.4,475.3,,
GOOGL,6374.1,39312671.9,6444.4,39313121.5,,,70.3,449.6,,
PLTR,6374.1,39312671.9,6447.0,39313124.1,,,72.9,452.3,,
ORCL,6374.1,39312671.9,6449.7,39313126.9,,,75.7,455.0,,
XOM,6374.1,39312671.9,6452.5,39313129.6,,,78.4,457.7,,
AMZN,6374.1,39312671.9,6455.2,39313132.3,,,81.1,460.4,,
AAPL,6374.1,39312671.9,6459.3,39313136.4,,,85.2,464.5,,
GOOG,6374.1,39312671.9,6464.6,39313141.8,,,90.5,469.9,,
NFLX,6374.1,39312671.9,6467.8,39313145.0,,,93.8,473.1,,
GOOGL,6477.9,39315268.1,6547.6,39315718.8,,,69.6,450.7,,
PLTR,6477.9,39315268.1,6550.2,39315721.4,,,72.3,453.3,,
ORCL,6477.9,39315268.1,6553.0,39315724.3,,,75.1,456.1,,
XOM,6477.9,39315268.1,6555.8,39315727.1,,,77.9,458.9,,
AMZN,6477.9,39315268.1,6558.6,39315729.8,,,80.7,461.7,,
AAPL,6477.9,39315268.1,6562.8,39315734.0,,,84.8,465.9,,
GOOG,6477.9,39315268.1,6567.7,39315739.0,,,89.8,470.9,,
NFLX,6477.9,39315268.1,6571.0,39315742.3,,,93.1,474.1,,
GOOGL,6581.6,39317870.2,6693.0,39318372.3,,,111.4,502.1,,
PLTR,6581.6,39317870.2,6695.5,39318374.8,,,113.9,504.6,,
ORCL,6581.6,39317870.2,6698.4,39318377.7,,,116.8,507.5,,
XOM,6581.6,39317870.2,6701.1,39318380.4,,,119.5,510.2,,
AMZN,6581.6,39317870.2,6703.9,39318383.1,,,122.3,513.0,,
AAPL,6581.6,39317870.2,6706.5,39318385.8,,,124.9,515.7,,
GOOG,6581.6,39317870.2,6710.4,39318389.7,,,128.8,519.5,,
NFLX,6581.6,39317870.2,6715.2,39318394.5,,,133.6,524.3,,
GOOGL,6727.1,39320519.9,6796.8,39320982.1,,,69.7,462.2,,
PLTR,6727.1,39320519.9,6799.3,39320984.6,,,72.2,464.8,,
ORCL,6727.1,39320519.9,6802.2,39320987.4,,,75.1,467.6,,
XOM,6727.1,39320519.9,6804.9,39320990.2,,,77.8,470.3,,
AMZN,6727.1,39320519.9,6807.7,39320993.0,,,80.6,473.1,,
AAPL,6727.1,39320519.9,6810.8,39320996.1,,,83.7,476.3,,
GOOG,6727.1,39320519.9,6816.0,39321001.5,,,88.9,481.7,,
NFLX,6727.1,39320519.9,6820.9,39321006.5,,,93.8,486.7,,
GOOGL,6832.8,39323130.8,6902.4,39323581.6,,,69.7,450.8,,
PLTR,6832.8,39323130.8,6905.1,39323584.3,,,72.3,453.4,,
ORCL,6832.8,39323130.8,6908.5,39323587.7,,,75.8,456.9,,
XOM,6832.8,39323130.8,6911.9,39323591.1,,,79.2,460.3,,
AMZN,6832.8,39323130.8,6914.7,39323593.9,,,81.9,463.1,,
AAPL,6832.8,39323130.8,6919.5,39323598.7,,,86.8,467.9,,
GOOG,6832.8,39323130.8,6924.4,39323603.7,,,91.7,472.8,,
NFLX,6832.8,39323130.8,6929.2,39323608.4,,,96.5,477.6,,
GOOGL,6939.1,39325728.8,7010.3,39326181.5,,,71.3,452.7,,
PLTR,6939.1,39325728.8,7013.0,39326184.2,,,74.0,455.4,,
ORCL,6939.1,39325728.8,7015.8,39326186.9,,,76.7,458.1,,
XOM,6939.1,39325728.8,7018.6,39326189.7,,,79.5,460.9,,
AMZN,6939.1,39325728.8,7023.4,39326194.6,,,84.4,465.8,,
AAPL,6939.1,39325728.8,7027.6,39326198.7,,,88.5,470.0,,
GOOG,6939.1,39325728.8,7030.9,39326202.1,,,91.8,473.3,,
NFLX,6939.1,39325728.8,7033.7,39326204.8,,,94.6,476.1,,
GOOGL,7045.1,39328332.5,7112.1,39328790.0,,,67.0,457.5,,
PLTR,7045.1,39328332.5,7114.7,39328792.5,,,69.5,460.1,,
ORCL,7045.1,39328332.5,7117.4,39328795.3,,,72.3,462.8,,
XOM,7045.1,39328332.5,7120.1,39328798.0,,,75.0,465.5,,
AMZN,7045.1,39328332.5,7123.3,39328801.1,,,78.1,468.7,,
AAPL,7045.1,39328332.5,7127.1,39328805.1,,,82.0,472.6,,
GOOG,7045.1,39328332.5,7131.8,39328809.8,,,86.7,477.3,,
NFLX,7045.1,39328332.5,7136.6,39328814.5,,,91.4,482.0,,
GOOGL,7147.6,39330941.0,7218.0,39331402.1,,,70.4,461.0,,
PLTR,7147.6,39330941.0,7220.5,39331404.7,,,73.0,463.6,,
ORCL,7147.6,39330941.0,7223.5,39331407.6,,,75.9,466.5,,
XOM,7147.6,39330941.0,7226.2,39331410.3,,,78.6,469.2,,
AMZN,7147.6,39330941.0,7228.9,39331413.0,,,81.4,472.0,,
AAPL,7147.6,39330941.0,7231.6,39331415.8,,,84.1,474.7,,
GOOG,7147.6,39330941.0,7237.0,39331421.3,,,89.5,480.2,,
NFLX,7147.6,39330941.0,7242.0,39331426.2,,,94.4,485.2,,
GOOGL,7251.7,39333547.1,7323.5,39334005.7,,,71.7,458.7,,
PLTR,7251.7,39333547.1,7326.1,39334008.4,,,74.4,461.3,,
ORCL,7251.7,39333547.1,7328.9,39334011.2,,,77.2,464.1,,
XOM,7251.7,39333547.1,7331.6,39334013.8,,,79.8,466.7,,
AMZN,7251.7,39333547.1,7334.9,39334017.2,,,83.2,470.1,,
AAPL,7251.7,39333547.1,7338.7,39334021.0,,,87.0,473.9,,
GOOG,7251.7,39333547.1,7344.7,39334029.8,,,92.9,482.8,,
NFLX,7251.7,39333547.1,7349.7,39334035.3,,,97.9,488.2,,
GOOGL,7361.9,39336160.4,7431.4,39336623.6,,,69.5,463.2,,
PLTR,7361.9,39336160.4,7434.1,39336626.4,,,72.2,465.9,,
ORCL,7361.9,39336160.4,7436.8,39336629.1,,,75.0,468.7,,
XOM,7361.9,39336160.4,7439.8,39336632.0,,,77.9,471.6,,
AMZN,7361.9,39336160.4,7443.5,39336635.8,,,81.7,475.4,,
AAPL,7361.9,39336160.4,7448.0,39336640.6,,,86.1,480.1,,
GOOG,7361.9,39336160.4,7452.8,39336645.3,,,90.9,484.9,,
NFLX,7361.9,39336160.4,7455.8,39336648.3,,,93.9,487.9,,
GOOGL,7467.7,39338771.2,7538.2,39339233.2,,,70.6,461.9,,
PLTR,7467.7,39338771.2,7540.9,39339235.8,,,73.2,464.6,,
ORCL,7467.7,39338771.2,7543.6,39339238.5,,,75.9,467.3,,
XOM,7467.7,39338771.2,7546.3,39339241.2,,,78.6,470.0,,
AMZN,7467.7,39338771.2,7550.0,39339244.9,,,82.3,473.7,,
AAPL,7467.7,39338771.2,7555.6,39339250.6,,,87.9,479.3,,
GOOG,7467.7,39338771.2,7559.1,39339254.1,,,91.4,482.8,,
NFLX,7467.7,39338771.2,7562.0,39339257.0,,,94.3,485.7,,
GOOGL,7573.9,39341388.2,7643.8,39341851.0,,,69.9,462.8,,
PLTR,7573.9,39341388.2,7646.3,39341853.6,,,72.4,465.3,,
ORCL,7573.9,39341388.2,7649.1,39341856.4,,,75.2,468.2,,
XOM,7573.9,39341388.2,7651.8,39341859.1,,,77.9,470.8,,
AMZN,7573.9,39341388.2,7655.6,39341863.0,,,81.7,474.7,,
AAPL,7573.9,39341388.2,7661.3,39341868.6,,,87.4,480.4,,
GOOG,7573.9,39341388.2,7664.5,39341871.8,,,90.6,483.6,,
NFLX,7573.9,39341388.2,7668.0,39341875.4,,,94.2,487.2,,
GOOGL,7680.1,39344002.3,7752.0,39344466.0,,,71.8,463.6,,
PLTR,7680.1,39344002.3,7754.5,39344468.5,,,74.4,466.2,,
ORCL,7680.1,39344002.3,7757.2,39344471.2,,,77.1,468.9,,
XOM,7680.1,39344002.3,7759.9,39344473.9,,,79.8,471.6,,
AMZN,7680.1,39344002.3,7764.0,39344478.0,,,83.9,475.7,,
AAPL,7680.1,39344002.3,7769.4,39344483.5,,,89.3,481.1,,
GOOG,7680.1,39344002.3,7773.0,39344487.0,,,92.9,484.7,,
NFLX,7680.1,39344002.3,7776.9,39344490.9,,,96.8,488.6,,
GOOGL,7788.8,39346635.6,7858.7,39347103.1,,,69.9,467.5,,
PLTR,7788.8,39346635.6,7861.3,39347105.7,,,72.5,470.0,,
ORCL,7788.8,39346635.6,7864.0,39347108.4,,,75.2,472.8,,
XOM,7788.8,39346635.6,7867.7,39347112.1,,,78.8,476.4,,
AMZN,7788.8,39346635.6,7873.6,39347118.0,,,84.8,482.4,,
AAPL,7788.8,39346635.6,7877.3,39347121.7,,,88.4,486.0,,
GOOG,7788.8,39346635.6,7882.5,39347126.9,,,93.7,491.3,,
NFLX,7788.8,39346635.6,7887.1,39347131.6,,,98.3,495.9,,
GOOGL,7897.8,39349257.5,7968.5,39349706.2,,,70.7,448.8,,
PLTR,7897.8,39349257.5,7971.0,39349708.8,,,73.2,451.3,,
ORCL,7897.8,39349257.5,7974.0,39349711.7,,,76.1,454.2,,
XOM,7897.8,39349257.5,7977.8,39349715.5,,,80.0,458.0,,
AMZN,7897.8,39349257.5,7983.7,39349721.5,,,85.9,464.0,,
AAPL,7897.8,39349257.5,7987.5,39349725.3,,,89.7,467.8,,
GOOG,7897.8,39349257.5,7990.8,39349728.7,,,93.0,471.2,,
NFLX,7897.8,39349257.5,7996.7,39349734.5,,,98.9,477.0,,
GOOGL,8008.5,39351854.9,8081.1,39352320.1,,,72.6,465.2,,
PLTR,8008.5,39351854.9,8083.7,39352322.6,,,75.1,467.7,,
ORCL,8008.5,39351854.9,8086.5,39352325.4,,,77.9,470.5,,
XOM,8008.5,39351854.9,8089.9,39352328.8,,,81.3,473.9,,
AMZN,8008.5,39351854.9,8093.6,39352332.6,,,85.0,477.7,,
AAPL,8008.5,39351854.9,8099.9,39352338.9,,,91.3,483.9,,
GOOG,8008.5,39351854.9,8103.1,39352342.1,,,94.6,487.2,,
NFLX,8008.5,39351854.9,8107.9,39352346.9,,,99.4,492.0,,
GOOGL,8119.6,39354471.5,8190.1,39354935.0,,,70.5,463.5,,
PLTR,8119.6,39354471.5,8192.7,39354937.6,,,73.0,466.0,,
ORCL,8119.6,39354471.5,8195.4,39354940.3,,,75.8,468.7,,
XOM,8119.6,39354471.5,8198.8,39354943.7,,,79.1,472.1,,
AMZN,8119.6,39354471.5,8204.4,39354949.4,,,84.8,477.8,,
AAPL,8119.6,39354471.5,8207.7,39354952.6,,,88.1,481.1,,
GOOG,8119.6,39354471.5,8211.6,39354956.6,,,92.0,485.0,,
NFLX,8119.6,39354471.5,8215.6,39354960.5,,,95.9,489.0,,
GOOGL,8227.2,39357080.7,8297.2,39357550.9,,,70.0,470.2,,
PLTR,8227.2,39357080.7,8300.0,39357553.7,,,72.8,473.1,,
ORCL,8227.2,39357080.7,8303.0,39357556.8,,,75.9,476.1,,
XOM,8227.2,39357080.7,8308.8,39357562.5,,,81.6,481.9,,
AMZN,8227.2,39357080.7,8312.3,39357566.1,,,85.1,485.4,,
AAPL,8227.2,39357080.7,8316.7,39357570.5,,,89.5,489.8,,
GOOG,8227.2,39357080.7,8322.2,39357576.0,,,95.0,495.3,,
NFLX,8227.2,39357080.7,8325.6,39357579.4,,,98.4,498.7,,
GOOGL,8337.7,39359704.2,8407.7,39360179.8,,,69.9,475.6,,
PLTR,8337.7,39359704.2,8410.2,39360182.3,,,72.5,478.1,,
ORCL,8337.7,39359704.2,8413.0,39360185.2,,,75.3,481.0,,
XOM,8337.7,39359704.2,8418.4,39360190.6,,,80.7,486.4,,
AMZN,8337.7,39359704.2,8422.2,39360194.4,,,84.5,490.2,,
AAPL,8337.7,39359704.2,8426.6,39360199.0,,,88.8,494.8,,
GOOG,8337.7,39359704.2,8432.2,39360204.6,,,94.5,500.5,,
NFLX,8337.7,39359704.2,8435.4,39360207.9,,,97.7,503.7,,
GOOGL,8447.1,39362331.4,8518.2,39362789.7,,,71.1,458.3,,
PLTR,8447.1,39362331.4,8520.8,39362792.4,,,73.7,460.9,,
ORCL,8447.1,39362331.4,8523.7,39362795.2,,,76.6,463.8,,
XOM,8447.1,39362331.4,8529.0,39362800.6,,,81.9,469.2,,
AMZN,8447.1,39362331.4,8533.0,39362804.5,,,85.9,473.1,,
AAPL,8447.1,39362331.4,8536.2,39362807.8,,,89.0,476.3,,
GOOG,8447.1,39362331.4,8539.9,39362811.5,,,92.8,480.1,,
NFLX,8447.1,39362331.4,8545.8,39362817.4,,,98.7,486.0,,
GOOGL,8556.0,39364939.6,8626.8,39365393.9,,,70.9,454.4,,
PLTR,8556.0,39364939.6,8629.4,39365396.5,,,73.5,457.0,,
ORCL,8556.0,39364939.6,8632.1,39365399.2,,,76.1,459.6,,
XOM,8556.0,39364939.6,8636.5,39365403.6,,,80.6,464.1,,
AMZN,8556.0,39364939.6,8641.4,39365408.5,,,85.5,469.0,,
AAPL,8556.0,39364939.6,8645.8,39365413.0,,,89.8,473.4,,
GOOG,8556.0,39364939.6,8650.8,39365418.0,,,94.8,478.4,,
NFLX,8556.0,39364939.6,8654.8,39365421.9,,,98.8,482.4,,
GOOGL,8666.5,39367552.3,8737.4,39368004.6,,,70.9,452.3,,
PLTR,8666.5,39367552.3,8740.0,39368007.2,,,73.5,454.9,,
ORCL,8666.5,39367552.3,8742.8,39368010.0,,,76.3,457.7,,
XOM,8666.5,39367552.3,8747.5,39368014.7,,,81.0,462.4,,
AMZN,8666.5,39367552.3,8751.8,39368019.0,,,85.3,466.7,,
AAPL,8666.5,39367552.3,8755.4,39368022.8,,,88.9,470.4,,
GOOG,8666.5,39367552.3,8758.8,39368026.1,,,92.3,473.8,,
NFLX,8666.5,39367552.3,8764.6,39368031.9,,,98.1,479.6,,
GOOGL,8776.2,39370161.7,8848.2,39370642.3,,,72.0,480.6,,
PLTR,8776.2,39370161.7,8850.7,39370644.8,,,74.5,483.1,,
ORCL,8776.2,39370161.7,8853.5,39370647.6,,,77.2,485.8,,
XOM,8776.2,39370161.7,8857.7,39370652.2,,,81.5,490.5,,
AMZN,8776.2,39370161.7,8862.5,39370657.0,,,86.3,495.3,,
AAPL,8776.2,39370161.7,8866.1,39370660.8,,,89.9,499.1,,
GOOG,8776.2,39370161.7,8870.6,39370665.3,,,94.4,503.6,,
NFLX,8776.2,39370161.7,8875.2,39370669.9,,,98.9,508.1,,
GOOGL,8887.0,39372793.3,8957.1,39373262.8,,,70.1,469.5,,
PLTR,8887.0,39372793.3,8959.8,39373265.5,,,72.8,472.3,,
ORCL,8887.0,39372793.3,8962.6,39373268.3,,,75.6,475.0,,
XOM,8887.0,39372793.3,8967.5,39373273.5,,,80.5,480.2,,
AMZN,8887.0,39372793.3,8972.3,39373278.3,,,85.3,485.0,,
AAPL,8887.0,39372793.3,8976.3,39373282.3,,,89.3,489.1,,
GOOG,8887.0,39372793.3,8982.2,39373288.2,,,95.2,494.9,,
NFLX,8887.0,39372793.3,8986.5,39373292.5,,,99.5,499.2,,
GOOGL,8998.4,39375423.3,9069.6,39375900.7,,,71.2,477.4,,
PLTR,8998.4,39375423.3,9072.3,39375903.4,,,73.9,480.1,,
ORCL,8998.4,39375423.3,9075.0,39375906.2,,,76.6,482.8,,
XOM,8998.4,39375423.3,9081.8,39375915.8,,,83.3,492.5,,
AMZN,8998.4,39375423.3,9085.6,39375919.7,,,87.1,496.3,,
AAPL,8998.4,39375423.3,9088.5,39375922.6,,,90.1,499.3,,
GOOG,8998.4,39375423.3,9093.9,39375928.0,,,95.5,504.7,,
NFLX,8998.4,39375423.3,9097.3,39375931.4,,,98.8,508.1,,
GOOGL,9107.6,39378051.3,9178.1,39378513.9,,,70.6,462.6,,
PLTR,9107.6,39378051.3,9180.8,39378516.5,,,73.2,465.2,,
ORCL,9107.6,39378051.3,9183.8,39378519.6,,,76.3,468.3,,
XOM,9107.6,39378051.3,9187.6,39378523.3,,,80.0,472.0,,
AMZN,9107.6,39378051.3,9192.8,39378528.7,,,85.3,477.4,,
AAPL,9107.6,39378051.3,9196.8,39378532.6,,,89.2,481.3,,
GOOG,9107.6,39378051.3,9200.0,39378535.8,,,92.4,484.5,,
NFLX,9107.6,39378051.3,9206.3,39378542.1,,,98.7,490.9,,
GOOGL,9217.7,39380672.2,9288.6,39381123.4,,,70.9,451.2,,
PLTR,9217.7,39380672.2,9291.3,39381126.2,,,73.6,454.0,,
ORCL,9217.7,39380672.2,9294.1,39381128.9,,,76.4,456.7,,
XOM,9217.7,39380672.2,9298.2,39381133.0,,,80.4,460.8,,
AMZN,9217.7,39380672.2,9303.1,39381137.9,,,85.4,465.7,,
AAPL,9217.7,39380672.2,9308.5,39381143.3,,,90.8,471.1,,
GOOG,9217.7,39380672.2,9312.8,39381147.6,,,95.1,475.4,,
NFLX,9217.7,39380672.2,9317.0,39381151.9,,,99.3,479.7,,
GOOGL,9328.6,39383275.7,9400.9,39383725.0,,,72.4,449.2,,
PLTR,9328.6,39383275.7,9403.5,39383727.5,,,74.9,451.8,,
ORCL,9328.6,39383275.7,9406.2,39383730.3,,,77.7,454.5,,
XOM,9328.6,39383275.7,9409.7,39383733.7,,,81.1,458.0,,
AMZN,9328.6,39383275.7,9415.5,39383739.5,,,86.9,463.8,,
AAPL,9328.6,39383275.7,9418.8,39383742.8,,,90.2,467.1,,
GOOG,9328.6,39383275.7,9423.6,39383747.7,,,95.0,471.9,,
NFLX,9328.6,39383275.7,9428.6,39383752.7,,,100.1,476.9,,
GOOGL,9438.9,39385887.4,9510.5,39386337.9,,,71.6,450.5,,
PLTR,9438.9,39385887.4,9513.2,39386340.6,,,74.3,453.2,,
ORCL,9438.9,39385887.4,9515.9,39386343.3,,,77.0,455.9,,
XOM,9438.9,39385887.4,9519.4,39386346.9,,,80.5,459.5,,
AMZN,9438.9,39385887.4,9525.5,39386353.0,,,86.7,465.6,,
AAPL,9438.9,39385887.4,9529.0,39386356.4,,,90.1,469.1,,
GOOG,9438.9,39385887.4,9533.9,39386361.4,,,95.0,474.0,,
NFLX,9438.9,39385887.4,9538.8,39386366.3,,,99.9,478.9,,
GOOGL,9549.0,39388491.4,9621.2,39388950.2,,,72.3,458.8,,
PLTR,9549.0,39388491.4,9623.9,39388952.8,,,74.9,461.4,,
ORCL,9549.0,39388491.4,9626.6,39388955.6,,,77.7,464.2,,
XOM,9549.0,39388491.4,9630.0,39388959.0,,,81.1,467.6,,
AMZN,9549.0,39388491.4,9635.8,39388964.8,,,86.8,473.3,,
AAPL,9549.0,39388491.4,9639.3,39388968.3,,,90.4,476.9,,
GOOG,9549.0,39388491.4,9643.3,39388972.3,,,94.4,480.9,,
NFLX,9549.0,39388491.4,9649.0,39388977.9,,,100.0,486.5,,
GOOGL,9660.3,39391102.7,9731.6,39391563.4,,,71.3,460.7,,
PLTR,9660.3,39391102.7,9734.3,39391566.2,,,74.1,463.5,,
ORCL,9660.3,39391102.7,9737.2,39391569.1,,,77.0,466.3,,
XOM,9660.3,39391102.7,9742.9,39391574.8,,,82.7,472.1,,
AMZN,9660.3,39391102.7,9746.9,39391578.8,,,86.7,476.1,,
AAPL,9660.3,39391102.7,9750.1,39391582.0,,,89.9,479.3,,
GOOG,9660.3,39391102.7,9753.3,39391585.2,,,93.1,482.5,,
NFLX,9660.3,39391102.7,9759.8,39391591.7,,,99.6,489.0,,
GOOGL,9771.7,39393712.9,9845.0,39394166.3,,,73.3,453.4,,
PLTR,9771.7,39393712.9,9847.7,39394169.0,,,76.0,456.1,,
ORCL,9771.7,39393712.9,9850.5,39394171.8,,,78.8,458.9,,
XOM,9771.7,39393712.9,9855.9,39394177.3,,,84.2,464.4,,
AMZN,9771.7,39393712.9,9860.1,39394181.5,,,88.4,468.6,,
AAPL,9771.7,39393712.9,9863.5,39394184.9,,,91.8,472.0,,
GOOG,9771.7,39393712.9,9868.1,39394189.5,,,96.4,476.6,,
NFLX,9771.7,39393712.9,9873.1,39394194.5,,,101.4,481.7,,
GOOGL,9884.9,39396331.4,9956.6,39396804.5,,,71.6,473.1,,
PLTR,9884.9,39396331.4,9959.3,39396807.2,,,74.4,475.8,,
ORCL,9884.9,39396331.4,9962.1,39396810.2,,,77.2,478.8,,
XOM,9884.9,39396331.4,9967.5,39396815.5,,,82.6,484.1,,
AMZN,9884.9,39396331.4,9971.8,39396819.9,,,86.9,488.5,,
AAPL,9884.9,39396331.4,9975.6,39396823.8,,,90.6,492.4,,
GOOG,9884.9,39396331.4,9981.1,39396829.3,,,96.2,497.9,,
NFLX,9884.9,39396331.4,9984.8,39396833.1,,,99.9,501.7,,
GOOGL,9995.5,39398962.1,10066.6,39399414.0,,,71.2,452.0,,
PLTR,9995.5,39398962.1,10069.5,39399417.5,,,74.0,455.4,,
ORCL,9995.5,39398962.1,10072.5,39399420.6,,,77.1,458.5,,
XOM,9995.5,39398962.1,10078.2,39399426.2,,,82.7,464.2,,
AMZN,9995.5,39398962.1,10081.5,39399429.5,,,86.0,467.5,,
AAPL,9995.5,39398962.1,10085.1,39399433.2,,,89.7,471.1,,
GOOG,9995.5,39398962.1,10091.0,39399439.0,,,95.5,477.0,,
NFLX,9995.5,39398962.1,10095.2,39399443.2,,,99.7,481.2,,
GOOGL,10106.1,39401572.6,10177.7,39402036.0,,,71.6,463.5,,
PLTR,10106.1,39401572.6,10180.2,39402038.5,,,74.1,466.0,,
ORCL,10106.1,39401572.6,10183.0,39402041.3,,,76.9,468.8,,
XOM,10106.1,39401572.6,10186.5,39402044.8,,,80.4,472.3,,
AMZN,10106.1,39401572.6,10192.9,39402051.2,,,86.8,478.7,,
AAPL,10106.1,39401572.6,10197.0,39402055.4,,,90.9,482.8,,
GOOG,10106.1,39401572.6,10202.5,39402060.9,,,96.4,488.3,,
NFLX,10106.1,39401572.6,10207.1,39402065.4,,,101.0,492.9,,
GOOGL,10218.4,39404192.8,10287.7,39404643.4,,,69.3,450.5,,
PLTR,10218.4,39404192.8,10290.3,39404646.0,,,71.9,453.2,,
ORCL,10218.4,39404192.8,10293.1,39404648.8,,,74.7,456.0,,
XOM,10218.4,39404192.8,10297.1,39404652.8,,,78.7,460.0,,
AMZN,10218.4,39404192.8,10302.3,39404658.0,,,83.9,465.2,,
AAPL,10218.4,39404192.8,10305.8,39404661.5,,,87.4,468.7,,
GOOG,10218.4,39404192.8,10309.4,39404665.2,,,91.0,472.4,,
NFLX,10218.4,39404192.8,10314.1,39404669.9,,,95.7,477.1,,
GOOGL,10324.8,39406792.1,10396.1,39407245.3,,,71.3,453.1,,
PLTR,10324.8,39406792.1,10398.7,39407247.8,,,73.9,455.7,,
ORCL,10324.8,39406792.1,10401.6,39407250.7,,,76.8,458.6,,
XOM,10324.8,39406792.1,10405.5,39407254.6,,,80.7,462.5,,
AMZN,10324.8,39406792.1,10411.3,39407260.4,,,86.5,468.3,,
AAPL,10324.8,39406792.1,10415.1,39407264.2,,,90.2,472.1,,
GOOG,10324.8,39406792.1,10419.9,39407269.1,,,95.1,477.0,,
NFLX,10324.8,39406792.1,10424.7,39407273.9,,,99.9,481.7,,
GOOGL,10436.5,39409401.7,10508.6,39409857.9,,,72.0,456.1,,
PLTR,10436.5,39409401.7,10511.3,39409860.6,,,74.8,458.8,,
ORCL,10436.5,39409401.7,10514.1,39409863.4,,,77.6,461.7,,
XOM,10436.5,39409401.7,10519.4,39409868.7,,,82.8,466.9,,
AMZN,10436.5,39409401.7,10523.5,39409872.8,,,86.9,471.0,,
AAPL,10436.5,39409401.7,10526.3,39409875.6,,,89.7,473.8,,
GOOG,10436.5,39409401.7,10529.3,39409878.6,,,92.8,476.9,,
NFLX,10436.5,39409401.7,10535.2,39409884.5,,,98.6,482.7,,
GOOGL,10546.7,39412013.8,10618.6,39412482.2,,,71.9,468.5,,
PLTR,10546.7,39412013.8,10621.2,39412484.8,,,74.5,471.0,,
ORCL,10546.7,39412013.8,10624.0,39412487.6,,,77.3,473.8,,
XOM,10546.7,39412013.8,10628.1,39412491.7,,,81.4,477.9,,
AMZN,10546.7,39412013.8,10635.2,39412498.8,,,88.5,485.1,,
AAPL,10546.7,39412013.8,10639.7,39412503.3,,,93.0,489.6,,
GOOG,10546.7,39412013.8,10645.6,39412509.2,,,98.9,495.4,,
NFLX,10546.7,39412013.8,10650.1,39412513.7,,,103.4,499.9,,
GOOGL,10661.7,39414644.4,10733.2,39415110.6,,,71.5,466.3,,
PLTR,10661.7,39414644.4,10735.9,39415113.3,,,74.2,469.0,,
ORCL,10661.7,39414644.4,10738.6,39415116.1,,,76.9,471.7,,
XOM,10661.7,39414644.4,10744.3,39415122.0,,,82.6,477.7,,
AMZN,10661.7,39414644.4,10749.0,39415126.7,,,87.3,482.4,,
AAPL,10661.7,39414644.4,10752.8,39415130.6,,,91.1,486.2,,
GOOG,10661.7,39414644.4,10758.1,39415135.9,,,96.4,491.6,,
NFLX,10661.7,39414644.4,10761.9,39415139.6,,,100.2,495.3,,
GOOGL,10773.2,39417264.1,10842.6,39417727.5,,,69.5,463.4,,
PLTR,10773.2,39417264.1,10845.4,39417730.2,,,72.2,466.1,,
ORCL,10773.2,39417264.1,10848.4,39417733.2,,,75.2,469.1,,
XOM,10773.2,39417264.1,10854.6,39417739.4,,,81.4,475.4,,
AMZN,10773.2,39417264.1,10858.8,39417743.6,,,85.6,479.6,,
AAPL,10773.2,39417264.1,10863.0,39417747.9,,,89.9,483.8,,
GOOG,10773.2,39417264.1,10868.5,39417753.3,,,95.3,489.3,,
NFLX,10773.2,39417264.1,10871.7,39417756.5,,,98.5,492.5,,
GOOGL,10883.4,39419883.9,10955.0,39420357.4,,,71.6,473.5,,
PLTR,10883.4,39419883.9,10957.8,39420360.2,,,74.3,476.3,,
ORCL,10883.4,39419883.9,10960.5,39420363.0,,,77.1,479.1,,
XOM,10883.4,39419883.9,10966.3,39420368.8,,,82.9,484.9,,
AMZN,10883.4,39419883.9,10970.2,39420372.7,,,86.8,488.8,,
AAPL,10883.4,39419883.9,10973.8,39420376.3,,,90.4,492.4,,
GOOG,10883.4,39419883.9,10978.4,39420380.9,,,95.0,497.0,,
NFLX,10883.4,39419883.9,10983.0,39420385.5,,,99.6,501.6,,
GOOGL,10995.1,39422514.3,11066.7,39422980.2,,,71.7,466.0,,
PLTR,10995.1,39422514.3,11069.2,39422982.8,,,74.2,468.5,,
ORCL,10995.1,39422514.3,11072.0,39422985.5,,,76.9,471.3,,
XOM,10995.1,39422514.3,11075.2,39422988.8,,,80.2,474.5,,
AMZN,10995.1,39422514.3,11081.3,39422994.9,,,86.3,480.6,,
AAPL,10995.1,39422514.3,11085.2,39422998.8,,,90.1,484.5,,
GOOG,10995.1,39422514.3,11089.5,39423003.2,,,94.4,488.9,,
NFLX,10995.1,39422514.3,11094.0,39423007.7,,,98.9,493.4,,
GOOGL,11104.8,39425133.3,11174.9,39425585.1,,,70.1,451.8,,
PLTR,11104.8,39425133.3,11177.5,39425587.7,,,72.7,454.4,,
ORCL,11104.8,39425133.3,11180.4,39425590.6,,,75.5,457.2,,
XOM,11104.8,39425133.3,11183.7,39425593.9,,,78.8,460.6,,
AMZN,11104.8,39425133.3,11189.7,39425600.0,,,84.9,466.6,,
AAPL,11104.8,39425133.3,11193.4,39425603.6,,,88.6,470.3,,
GOOG,11104.8,39425133.3,11196.5,39425606.7,,,91.7,473.4,,
NFLX,11104.8,39425133.3,11202.2,39425612.4,,,97.3,479.1,,
GOOGL,11213.8,39427743.8,11285.6,39428206.5,,,71.8,462.7,,
PLTR,11213.8,39427743.8,11288.3,39428209.2,,,74.5,465.4,,
ORCL,11213.8,39427743.8,11291.1,39428211.9,,,77.2,468.1,,
XOM,11213.8,39427743.8,11296.3,39428217.1,,,82.5,473.4,,
AMZN,11213.8,39427743.8,11300.9,39428221.7,,,87.0,477.9,,
AAPL,11213.8,39427743.8,11304.7,39428225.6,,,90.9,481.8,,
GOOG,11213.8,39427743.8,11309.6,39428230.4,,,95.7,486.7,,
NFLX,11213.8,39427743.8,11313.8,39428234.6,,,99.9,490.9,,
GOOGL,11323.8,39430363.4,11394.5,39430826.4,,,70.7,463.0,,
PLTR,11323.8,39430363.4,11397.2,39430829.1,,,73.4,465.7,,
ORCL,11323.8,39430363.4,11400.0,39430831.9,,,76.2,468.5,,
XOM,11323.8,39430363.4,11406.0,39430840.4,,,82.2,477.0,,
AMZN,11323.8,39430363.4,11410.5,39430844.9,,,86.7,481.5,,
AAPL,11323.8,39430363.4,11416.0,39430850.4,,,92.1,487.0,,
GOOG,11323.8,39430363.4,11419.0,39430853.5,,,95.2,490.1,,
NFLX,11323.8,39430363.4,11422.8,39430857.2,,,99.0,493.8,,
GOOGL,11434.3,39432985.6,11505.5,39433456.9,,,71.1,471.3,,
PLTR,11434.3,39432985.6,11508.0,39433459.4,,,73.7,473.8,,
ORCL,11434.3,39432985.6,11510.7,39433462.1,,,76.4,476.5,,
XOM,11434.3,39432985.6,11514.2,39433465.7,,,79.9,480.1,,
AMZN,11434.3,39432985.6,11520.7,39433472.1,,,86.3,486.6,,
AAPL,11434.3,39432985.6,11524.6,39433476.0,,,90.2,490.5,,
GOOG,11434.3,39432985.6,11529.8,39433481.3,,,95.5,495.8,,
NFLX,11434.3,39432985.6,11534.0,39433485.6,,,99.7,500.0,,
GOOGL,11545.8,39435623.5,11616.2,39436085.8,,,70.4,462.3,,
PLTR,11545.8,39435623.5,11618.8,39436088.4,,,73.0,465.0,,
ORCL,11545.8,39435623.5,11621.6,39436091.2,,,75.8,467.8,,
XOM,11545.8,39435623.5,11628.8,39436098.9,,,83.0,475.5,,
AMZN,11545.8,39435623.5,11632.3,39436102.5,,,86.5,479.0,,
AAPL,11545.8,39435623.5,11636.9,39436107.1,,,91.1,483.6,,
GOOG,11545.8,39435623.5,11642.3,39436112.5,,,96.5,489.1,,
NFLX,11545.8,39435623.5,11645.5,39436115.7,,,99.7,492.3,,
GOOGL,11656.9,39438246.0,11727.4,39438722.7,,,70.5,476.7,,
PLTR,11656.9,39438246.0,11730.1,39438725.4,,,73.2,479.4,,
ORCL,11656.9,39438246.0,11732.9,39438728.1,,,75.9,482.1,,
XOM,11656.9,39438246.0,11738.2,39438733.5,,,81.3,487.5,,
AMZN,11656.9,39438246.0,11742.2,39438737.5,,,85.3,491.5,,
AAPL,11656.9,39438246.0,11746.2,39438741.5,,,89.3,495.5,,
GOOG,11656.9,39438246.0,11751.4,39438746.7,,,94.5,500.7,,
NFLX,11656.9,39438246.0,11755.1,39438750.4,,,98.2,504.4,,
GOOGL,11766.8,39440883.3,11836.2,39441366.3,,,69.4,483.0,,
PLTR,11766.8,39440883.3,11839.0,39441369.1,,,72.2,485.8,,
ORCL,11766.8,39440883.3,11841.8,39441371.9,,,75.0,488.6,,
XOM,11766.8,39440883.3,11847.6,39441378.0,,,80.8,494.7,,
AMZN,11766.8,39440883.3,11850.8,39441381.2,,,84.0,497.8,,
AAPL,11766.8,39440883.3,11853.8,39441384.2,,,87.0,500.8,,
GOOG,11766.8,39440883.3,11857.6,39441388.1,,,90.8,504.7,,
NFLX,11766.8,39440883.3,11863.0,39441393.5,,,96.3,510.2,,
GOOGL,11873.3,39443526.8,11943.3,39443985.5,,,70.0,458.7,,
PLTR,11873.3,39443526.8,11946.0,39443988.1,,,72.7,461.4,,
ORCL,11873.3,39443526.8,11948.7,39443990.8,,,75.4,464.1,,
XOM,11873.3,39443526.8,11953.2,39443995.4,,,80.0,468.7,,
AMZN,11873.3,39443526.8,11958.0,39444000.4,,,84.8,473.7,,
AAPL,11873.3,39443526.8,11961.6,39444004.1,,,88.3,477.3,,
GOOG,11873.3,39443526.8,11966.5,39444009.1,,,93.3,482.3,,
NFLX,11873.3,39443526.8,11970.4,39444012.9,,,97.1,486.1,,
GOOGL,11981.6,39446140.8,12052.1,39446603.7,,,70.5,462.8,,
PLTR,11981.6,39446140.8,12054.7,39446606.3,,,73.2,465.5,,
ORCL,11981.6,39446140.8,12057.5,39446609.1,,,76.0,468.3,,
XOM,11981.6,39446140.8,12062.8,39446614.7,,,81.3,473.8,,
AMZN,11981.6,39446140.8,12067.3,39446620.0,,,85.7,479.1,,
AAPL,11981.6,39446140.8,12072.0,39446624.7,,,90.4,483.8,,
GOOG,11981.6,39446140.8,12076.6,39446629.3,,,95.1,488.5,,
NFLX,11981.6,39446140.8,12080.2,39446633.0,,,98.7,492.1,,
GOOGL,12091.1,39448753.8,12161.4,39449215.5,,,70.3,461.7,,
PLTR,12091.1,39448753.8,12164.1,39449218.2,,,73.0,464.4,,
ORCL,12091.1,39448753.8,12166.8,39449221.0,,,75.7,467.1,,
XOM,12091.1,39448753.8,12172.2,39449226.3,,,81.1,472.5,,
AMZN,12091.1,39448753.8,12176.4,39449230.5,,,85.3,476.7,,
AAPL,12091.1,39448753.8,12179.4,39449233.5,,,88.3,479.7,,
GOOG,12091.1,39448753.8,12184.1,39449238.3,,,93.0,484.4,,
NFLX,12091.1,39448753.8,12189.0,39449243.4,,,97.8,489.6,,
GOOGL,12200.3,39451366.1,12271.4,39451847.1,,,71.0,481.0,,
PLTR,12200.3,39451366.1,12274.0,39451849.7,,,73.6,483.6,,
ORCL,12200.3,39451366.1,12276.7,39451852.5,,,76.4,486.4,,
XOM,12200.3,39451366.1,12280.0,39451855.8,,,79.7,489.7,,
AMZN,12200.3,39451366.1,12285.6,39451861.4,,,85.3,495.3,,
AAPL,12200.3,39451366.1,12289.0,39451864.8,,,88.7,498.7,,
GOOG,12200.3,39451366.1,12293.2,39451869.0,,,92.9,502.9,,
NFLX,12200.3,39451366.1,12298.5,39451874.3,,,98.1,508.2,,
GOOGL,12309.9,39454001.8,12383.4,39454468.5,,,73.5,466.7,,
PLTR,12309.9,39454001.8,12386.1,39454471.2,,,76.1,469.4,,
ORCL,12309.9,39454001.8,12388.9,39454474.0,,,78.9,472.2,,
XOM,12309.9,39454001.8,12393.6,39454478.8,,,83.7,477.0,,
AMZN,12309.9,39454001.8,12397.6,39454482.7,,,87.6,480.9,,
AAPL,12309.9,39454001.8,12402.7,39454487.8,,,92.8,486.0,,
GOOG,12309.9,39454001.8,12407.7,39454492.8,,,97.7,491.0,,
NFLX,12309.9,39454001.8,12412.5,39454497.6,,,102.5,495.8,,
GOOGL,12423.7,39456615.4,12494.7,39457067.0,,,71.0,451.7,,
PLTR,12423.7,39456615.4,12497.3,39457069.7,,,73.7,454.3,,
ORCL,12423.7,39456615.4,12500.1,39457072.4,,,76.4,457.1,,
XOM,12423.7,39456615.4,12503.4,39457075.7,,,79.7,460.4,,
AMZN,12423.7,39456615.4,12508.4,39457080.8,,,84.8,465.4,,
AAPL,12423.7,39456615.4,12512.4,39457084.7,,,88.7,469.4,,
GOOG,12423.7,39456615.4,12516.3,39457088.7,,,92.6,473.3,,
NFLX,12423.7,39456615.4,12521.7,39457094.1,,,98.0,478.7,,
GOOGL,12532.7,39459213.3,12603.8,39459668.9,,,71.1,455.7,,
PLTR,12532.7,39459213.3,12606.3,39459671.4,,,73.6,458.2,,
ORCL,12532.7,39459213.3,12609.0,39459674.1,,,76.3,460.8,,
XOM,12532.7,39459213.3,12612.8,39459678.2,,,80.1,464.9,,
AMZN,12532.7,39459213.3,12618.2,39459683.6,,,85.5,470.3,,
AAPL,12532.7,39459213.3,12621.4,39459686.8,,,88.7,473.5,,
GOOG,12532.7,39459213.3,12625.5,39459690.9,,,92.8,477.6,,
NFLX,12532.7,39459213.3,12629.5,39459694.9,,,96.8,481.6,,
GOOGL,12641.4,39461824.2,12712.4,39462287.5,,,71.0,463.3,,
PLTR,12641.4,39461824.2,12715.1,39462290.1,,,73.7,465.9,,
ORCL,12641.4,39461824.2,12718.4,39462293.4,,,77.0,469.2,,
XOM,12641.4,39461824.2,12722.3,39462297.4,,,80.9,473.2,,
AMZN,12641.4,39461824.2,12727.4,39462302.5,,,86.0,478.3,,
AAPL,12641.4,39461824.2,12731.4,39462306.5,,,90.0,482.3,,
GOOG,12641.4,39461824.2,12734.4,39462309.4,,,93.0,485.2,,
NFLX,12641.4,39461824.2,12738.0,39462313.1,,,96.6,488.9,,
GOOGL,12746.6,39464430.4,12817.8,39464885.4,,,71.2,455.0,,
PLTR,12746.6,39464430.4,12820.6,39464888.2,,,74.0,457.8,,
ORCL,12746.6,39464430.4,12823.3,39464890.9,,,76.7,460.5,,
XOM,12746.6,39464430.4,12828.3,39464895.9,,,81.7,465.5,,
AMZN,12746.6,39464430.4,12832.8,39464900.4,,,86.2,470.0,,
AAPL,12746.6,39464430.4,12836.6,39464904.1,,,90.0,473.7,,
GOOG,12746.6,39464430.4,12840.3,39464907.9,,,93.7,477.5,,
NFLX,12746.6,39464430.4,12844.7,39464912.2,,,98.1,481.8,,
GOOGL,12856.4,39467033.1,12928.2,39467490.1,,,71.9,457.0,,
PLTR,12856.4,39467033.1,12930.8,39467492.7,,,74.4,459.6,,
ORCL,12856.4,39467033.1,12933.5,39467495.4,,,77.1,462.3,,
XOM,12856.4,39467033.1,12936.6,39467498.6,,,80.3,465.5,,
AMZN,12856.4,39467033.1,12942.0,39467503.9,,,85.6,470.8,,
AAPL,12856.4,39467033.1,12945.3,39467507.2,,,88.9,474.1,,
GOOG,12856.4,39467033.1,12948.2,39467510.1,,,91.8,477.0,,
NFLX,12856.4,39467033.1,12952.5,39467514.5,,,96.2,481.4,,
GOOGL,12962.5,39469634.1,13031.1,39470102.1,,,68.7,468.0,,
PLTR,12962.5,39469634.1,13033.7,39470104.6,,,71.3,470.6,,
ORCL,12962.5,39469634.1,13036.9,39470107.8,,,74.5,473.8,,
XOM,12962.5,39469634.1,13040.8,39470111.7,,,78.3,477.7,,
AMZN,12962.5,39469634.1,13045.8,39470116.7,,,83.3,482.6,,
AAPL,12962.5,39469634.1,13049.6,39470120.6,,,87.2,486.5,,
GOOG,12962.5,39469634.1,13053.0,39470124.0,,,90.6,489.9,,
NFLX,12962.5,39469634.1,13059.4,39470130.4,,,97.0,496.4,,
GOOGL,13070.8,39472255.3,13140.9,39472706.7,,,70.1,451.5,,
PLTR,13070.8,39472255.3,13143.7,39472709.6,,,73.0,454.3,,
ORCL,13070.8,39472255.3,13146.5,39472712.4,,,75.8,457.1,,
XOM,13070.8,39472255.3,13151.7,39472717.8,,,80.9,462.6,,
AMZN,13070.8,39472255.3,13155.0,39472721.1,,,84.2,465.8,,
AAPL,13070.8,39472255.3,13158.1,39472724.2,,,87.3,468.9,,
GOOG,13070.8,39472255.3,13161.5,39472727.6,,,90.7,472.3,,
NFLX,13070.8,39472255.3,13166.5,39472732.6,,,95.7,477.3,,
GOOGL,13177.6,39474856.0,13249.7,39475309.5,,,72.1,453.5,,
PLTR,13177.6,39474856.0,13252.4,39475312.2,,,74.8,456.3,,
ORCL,13177.6,39474856.0,13255.2,39475315.0,,,77.6,459.1,,
XOM,13177.6,39474856.0,13260.7,39475320.5,,,83.1,464.6,,
AMZN,13177.6,39474856.0,13264.8,39475324.6,,,87.2,468.6,,
AAPL,13177.6,39474856.0,13268.7,39475328.5,,,91.1,472.5,,
GOOG,13177.6,39474856.0,13274.1,39475333.9,,,96.5,477.9,,
NFLX,13177.6,39474856.0,13277.6,39475337.4,,,100.0,481.4,,
GOOGL,13289.3,39477464.2,13359.2,39477926.0,,,69.9,461.8,,
PLTR,13289.3,39477464.2,13361.7,39477928.6,,,72.4,464.3,,
ORCL,13289.3,39477464.2,13364.4,39477931.2,,,75.1,467.0,,
XOM,13289.3,39477464.2,13367.9,39477934.8,,,78.7,470.6,,
AMZN,13289.3,39477464.2,13373.1,39477940.0,,,83.8,475.7,,
AAPL,13289.3,39477464.2,13376.4,39477943.4,,,87.2,479.1,,
GOOG,13289.3,39477464.2,13381.4,39477948.4,,,92.2,484.1,,
NFLX,13289.3,39477464.2,13385.7,39477952.6,,,96.5,488.4,,
GOOGL,13394.7,39480074.6,13465.6,39480524.7,,,70.9,450.2,,
PLTR,13394.7,39480074.6,13468.3,39480527.4,,,73.5,452.8,,
ORCL,13394.7,39480074.6,13471.0,39480530.1,,,76.3,455.5,,
XOM,13394.7,39480074.6,13475.5,39480534.7,,,80.8,460.1,,
AMZN,13394.7,39480074.6,13479.7,39480538.9,,,85.0,464.3,,
AAPL,13394.7,39480074.6,13485.2,39480544.3,,,90.4,469.7,,
GOOG,13394.7,39480074.6,13489.7,39480548.9,,,95.0,474.3,,
NFLX,13394.7,39480074.6,13494.6,39480553.9,,,99.9,479.3,,
GOOGL,13505.9,39482684.2,13616.5,39483187.1,,,110.7,502.9,,
PLTR,13505.9,39482684.2,13619.1,39483189.7,,,113.2,505.5,,
ORCL,13505.9,39482684.2,13621.8,39483192.4,,,116.0,508.2,,
XOM,13505.9,39482684.2,13624.9,39483195.5,,,119.0,511.3,,
AMZN,13505.9,39482684.2,13631.0,39483201.7,,,125.2,517.5,,
AAPL,13505.9,39482684.2,13634.9,39483205.5,,,129.0,521.3,,
GOOG,13505.9,39482684.2,13639.4,39483210.0,,,133.5,525.8,,
NFLX,13505.9,39482684.2,13644.2,39483214.8,,,138.3,530.7,,
GOOGL,13654.1,39485332.1,13723.5,39485777.6,,,69.4,445.5,,
PLTR,13654.1,39485332.1,13726.2,39485780.2,,,72.1,448.2,,
ORCL,13654.1,39485332.1,13729.0,39485783.0,,,74.9,451.0,,
XOM,13654.1,39485332.1,13734.5,39485788.6,,,80.4,456.6,,
AMZN,13654.1,39485332.1,13739.2,39485793.3,,,85.0,461.2,,
AAPL,13654.1,39485332.1,13742.4,39485796.7,,,88.3,464.7,,
GOOG,13654.1,39485332.1,13748.6,39485802.9,,,94.4,470.8,,
NFLX,13654.1,39485332.1,13752.7,39485807.0,,,98.5,474.9,,
GOOGL,13763.9,39487933.5,13835.5,39488388.7,,,71.6,455.3,,
PLTR,13763.9,39487933.5,13838.0,39488391.3,,,74.1,457.8,,
ORCL,13763.9,39487933.5,13840.8,39488394.1,,,76.9,460.6,,
XOM,13763.9,39487933.5,13844.4,39488397.7,,,80.6,464.3,,
AMZN,13763.9,39487933.5,13850.1,39488403.4,,,86.2,469.9,,
AAPL,13763.9,39487933.5,13853.7,39488407.0,,,89.8,473.5,,
GOOG,13763.9,39487933.5,13858.9,39488412.2,,,95.0,478.7,,
NFLX,13763.9,39487933.5,13863.4,39488416.7,,,99.5,483.2,,
GOOGL,13875.5,39490546.2,13948.0,39490998.9,,,72.5,452.7,,
PLTR,13875.5,39490546.2,13950.8,39491001.7,,,75.3,455.5,,
ORCL,13875.5,39490546.2,13953.9,39491004.8,,,78.4,458.6,,
XOM,13875.5,39490546.2,13957.4,39491008.4,,,82.0,462.2,,
AMZN,13875.5,39490546.2,13962.9,39491013.8,,,87.4,467.7,,
AAPL,13875.5,39490546.2,13966.3,39491017.2,,,90.8,471.0,,
GOOG,13875.5,39490546.2,13969.3,39491020.2,,,93.8,474.0,,
NFLX,13875.5,39490546.2,13974.4,39491025.4,,,99.0,479.2,,
GOOGL,13985.6,39493158.1,14055.8,39493618.5,,,70.2,460.4,,
PLTR,13985.6,39493158.1,14058.5,39493621.2,,,72.8,463.1,,
ORCL,13985.6,39493158.1,14061.2,39493623.9,,,75.6,465.8,,
XOM,13985.6,39493158.1,14066.4,39493629.5,,,80.8,471.4,,
AMZN,13985.6,39493158.1,14070.4,39493633.4,,,84.8,475.3,,
AAPL,13985.6,39493158.1,14073.9,39493637.0,,,88.3,478.8,,
GOOG,13985.6,39493158.1,14078.1,39493641.2,,,92.5,483.1,,
NFLX,13985.6,39493158.1,14083.0,39493646.1,,,97.4,487.9,,
GOOGL,14094.8,39495767.8,14166.1,39496215.8,,,71.4,448.0,,
PLTR,14094.8,39495767.8,14168.8,39496218.5,,,74.1,450.7,,
ORCL,14094.8,39495767.8,14171.6,39496221.3,,,76.8,453.4,,
XOM,14094.8,39495767.8,14175.3,39496225.0,,,80.5,457.2,,
AMZN,14094.8,39495767.8,14178.5,39496228.3,,,83.8,460.5,,
AAPL,14094.8,39495767.8,14181.7,39496231.5,,,86.9,463.6,,
GOOG,14094.8,39495767.8,14185.2,39496234.9,,,90.4,467.1,,
NFLX,14094.8,39495767.8,14190.0,39496239.8,,,95.2,471.9,,
GOOGL,14201.8,39498365.0,14274.3,39498845.9,,,72.5,480.8,,
PLTR,14201.8,39498365.0,14277.0,39498848.5,,,75.1,483.5,,
ORCL,14201.8,39498365.0,14279.7,39498851.2,,,77.8,486.2,,
XOM,14201.8,39498365.0,14285.0,39498858.2,,,83.2,493.1,,
AMZN,14201.8,39498365.0,14288.4,39498861.6,,,86.6,496.5,,
AAPL,14201.8,39498365.0,14291.5,39498864.8,,,89.7,499.7,,
GOOG,14201.8,39498365.0,14294.4,39498867.6,,,92.6,502.6,,
NFLX,14201.8,39498365.0,14300.7,39498873.9,,,98.9,508.9,,
GOOGL,14310.8,39500993.5,14382.1,39501437.4,,,71.4,443.9,,
PLTR,14310.8,39500993.5,14384.8,39501440.0,,,74.0,446.6,,
ORCL,14310.8,39500993.5,14387.5,39501442.7,,,76.7,449.3,,
XOM,14310.8,39500993.5,14392.6,39501447.8,,,81.8,454.3,,
AMZN,14310.8,39500993.5,14397.1,39501452.3,,,86.3,458.9,,
AAPL,14310.8,39500993.5,14401.1,39501456.4,,,90.3,462.9,,
GOOG,14310.8,39500993.5,14406.7,39501462.0,,,95.9,468.5,,
NFLX,14310.8,39500993.5,14410.1,39501465.4,,,99.3,471.9,,
GOOGL,14421.6,39503584.2,14492.5,39504040.7,,,70.9,456.5,,
PLTR,14421.6,39503584.2,14495.1,39504043.3,,,73.5,459.1,,
ORCL,14421.6,39503584.2,14498.1,39504046.3,,,76.5,462.1,,
XOM,14421.6,39503584.2,14501.7,39504050.0,,,80.1,465.7,,
AMZN,14421.6,39503584.2,14505.5,39504053.7,,,83.9,469.5,,
AAPL,14421.6,39503584.2,14511.2,39504059.5,,,89.7,475.3,,
GOOG,14421.6,39503584.2,14514.9,39504063.2,,,93.3,478.9,,
NFLX,14421.6,39503584.2,14520.9,39504069.2,,,99.3,485.0,,
GOOGL,14532.1,39506195.6,14603.4,39506658.9,,,71.2,463.2,,
PLTR,14532.1,39506195.6,14606.0,39506661.5,,,73.9,465.9,,
ORCL,14532.1,39506195.6,14608.9,39506664.4,,,76.7,468.7,,
XOM,14532.1,39506195.6,14613.0,39506668.5,,,80.9,472.9,,
AMZN,14532.1,39506195.6,14617.5,39506673.0,,,85.4,477.3,,
AAPL,14532.1,39506195.6,14620.4,39506675.9,,,88.2,480.2,,
GOOG,14532.1,39506195.6,14623.3,39506678.8,,,91.2,483.2,,
NFLX,14532.1,39506195.6,14626.1,39506681.6,,,94.0,486.0,,
GOOGL,14638.2,39508803.7,14709.7,39509249.3,,,71.5,445.6,,
PLTR,14638.2,39508803.7,14712.5,39509252.1,,,74.2,448.3,,
ORCL,14638.2,39508803.7,14715.3,39509254.9,,,77.0,451.2,,
XOM,14638.2,39508803.7,14720.6,39509260.2,,,82.4,456.5,,
AMZN,14638.2,39508803.7,14725.1,39509264.7,,,86.8,461.0,,
AAPL,14638.2,39508803.7,14729.5,39509269.3,,,91.2,465.5,,
GOOG,14638.2,39508803.7,14735.0,39509274.8,,,96.7,471.1,,
NFLX,14638.2,39508803.7,14738.2,39509278.0,,,100.0,474.3,,
GOOGL,14748.3,39511403.9,14819.3,39511848.9,,,71.0,445.0,,
PLTR,14748.3,39511403.9,14821.9,39511851.5,,,73.7,447.6,,
ORCL,14748.3,39511403.9,14824.8,39511854.3,,,76.5,450.5,,
XOM,14748.3,39511403.9,14829.9,39511859.5,,,81.7,455.7,,
AMZN,14748.3,39511403.9,14834.3,39511863.9,,,86.0,460.0,,
AAPL,14748.3,39511403.9,14838.1,39511867.7,,,89.8,463.8,,
GOOG,14748.3,39511403.9,14843.5,39511873.1,,,95.3,469.3,,
NFLX,14748.3,39511403.9,14847.3,39511876.9,,,99.1,473.1,,
GOOGL,14859.1,39513995.9,14933.9,39514462.4,,,74.7,466.5,,
PLTR,14859.1,39513995.9,14936.6,39514465.1,,,77.4,469.2,,
ORCL,14859.1,39513995.9,14939.4,39514467.9,,,80.2,472.0,,
XOM,14859.1,39513995.9,14944.7,39514473.3,,,85.6,477.4,,
AMZN,14859.1,39513995.9,14948.6,39514477.2,,,89.5,481.3,,
AAPL,14859.1,39513995.9,14952.4,39514481.0,,,93.3,485.1,,
GOOG,14859.1,39513995.9,14956.7,39514485.3,,,97.5,489.4,,
NFLX,14859.1,39513995.9,14961.4,39514490.0,,,102.2,494.1,,
GOOGL,14973.2,39516614.6,15045.7,39517083.2,,,72.5,468.6,,
PLTR,14973.2,39516614.6,15048.4,39517085.9,,,75.2,471.3,,
ORCL,14973.2,39516614.6,15051.3,39517088.8,,,78.1,474.2,,
XOM,14973.2,39516614.6,15054.6,39517092.1,,,81.4,477.5,,
AMZN,14973.2,39516614.6,15059.5,39517097.0,,,86.3,482.4,,
AAPL,14973.2,39516614.6,15064.0,39517101.5,,,90.8,486.9,,
GOOG,14973.2,39516614.6,15067.2,39517104.7,,,94.0,490.1,,
NFLX,14973.2,39516614.6,15071.6,39517109.1,,,98.4,494.5,,
GOOGL,15083.6,39519243.4,15155.2,39519690.1,,,71.5,446.7,,
PLTR,15083.6,39519243.4,15157.8,39519692.7,,,74.2,449.4,,
ORCL,15083.6,39519243.4,15160.6,39519695.5,,,77.0,452.1,,
XOM,15083.6,39519243.4,15164.4,39519699.3,,,80.8,455.9,,
AMZN,15083.6,39519243.4,15169.9,39519704.8,,,86.3,461.4,,
AAPL,15083.6,39519243.4,15173.5,39519708.4,,,89.8,465.0,,
GOOG,15083.6,39519243.4,15176.7,39519711.6,,,93.1,468.2,,
NFLX,15083.6,39519243.4,15182.0,39519717.0,,,98.3,473.6,,
GOOGL,15194.2,39521846.0,15265.7,39522302.0,,,71.5,456.0,,
PLTR,15194.2,39521846.0,15268.2,39522304.6,,,74.0,458.6,,
ORCL,15194.2,39521846.0,15271.0,39522307.4,,,76.8,461.4,,
XOM,15194.2,39521846.0,15274.6,39522311.0,,,80.4,465.0,,
AMZN,15194.2,39521846.0,15280.2,39522316.7,,,86.0,470.7,,
AAPL,15194.2,39521846.0,15284.0,39522320.5,,,89.8,474.5,,
GOOG,15194.2,39521846.0,15286.7,39522323.1,,,92.5,477.1,,
NFLX,15194.2,39521846.0,15289.6,39522326.2,,,95.4,480.2,,
GOOGL,15300.2,39524458.5,15371.1,39524918.7,,,71.0,460.2,,
PLTR,15300.2,39524458.5,15373.8,39524921.4,,,73.7,462.9,,
ORCL,15300.2,39524458.5,15376.7,39524924.3,,,76.5,465.8,,
XOM,15300.2,39524458.5,15382.3,39524929.9,,,82.2,471.4,,
AMZN,15300.2,39524458.5,15385.6,39524933.2,,,85.4,474.7,,
AAPL,15300.2,39524458.5,15388.3,39524935.9,,,88.1,477.4,,
GOOG,15300.2,39524458.5,15391.1,39524938.7,,,90.9,480.2,,
NFLX,15300.2,39524458.5,15394.3,39524941.9,,,94.1,483.5,,
GOOGL,15405.4,39527061.5,15475.6,39527506.5,,,70.2,445.0,,
PLTR,15405.4,39527061.5,15478.3,39527509.2,,,72.9,447.7,,
ORCL,15405.4,39527061.5,15481.2,39527512.2,,,75.8,450.8,,
XOM,15405.4,39527061.5,15486.3,39527517.6,,,80.9,456.2,,
AMZN,15405.4,39527061.5,15489.6,39527520.9,,,84.2,459.4,,
AAPL,15405.4,39527061.5,15492.9,39527524.2,,,87.5,462.8,,
GOOG,15405.4,39527061.5,15497.1,39527528.4,,,91.7,467.0,,
NFLX,15405.4,39527061.5,15502.2,39527533.5,,,96.8,472.1,,
GOOGL,15513.8,39529655.1,15583.8,39530106.1,,,70.0,451.0,,
PLTR,15513.8,39529655.1,15586.4,39530108.7,,,72.6,453.6,,
ORCL,15513.8,39529655.1,15589.1,39530111.5,,,75.3,456.4,,
XOM,15513.8,39529655.1,15593.2,39530115.6,,,79.4,460.5,,
AMZN,15513.8,39529655.1,15598.5,39530121.0,,,84.7,465.9,,
AAPL,15513.8,39529655.1,15602.0,39530124.5,,,88.2,469.4,,
GOOG,15513.8,39529655.1,15606.8,39530129.3,,,93.0,474.2,,
NFLX,15513.8,39529655.1,15611.5,39530134.0,,,97.7,478.9,,
GOOGL,15622.1,39532261.0,15692.6,39532707.1,,,70.4,446.1,,
PLTR,15622.1,39532261.0,15695.1,39532709.6,,,72.9,448.6,,
ORCL,15622.1,39532261.0,15697.8,39532712.3,,,75.7,451.3,,
XOM,15622.1,39532261.0,15701.6,39532716.2,,,79.5,455.1,,
AMZN,15622.1,39532261.0,15707.4,39532721.9,,,85.2,460.9,,
AAPL,15622.1,39532261.0,15710.9,39532725.4,,,88.7,464.4,,
GOOG,15622.1,39532261.0,15715.4,39532730.0,,,93.3,469.0,,
NFLX,15622.1,39532261.0,15719.9,39532734.5,,,97.8,473.4,,
GOOGL,15730.6,39534861.7,15801.6,39535307.6,,,71.0,445.8,,
PLTR,15730.6,39534861.7,15804.3,39535310.2,,,73.7,448.5,,
ORCL,15730.6,39534861.7,15807.1,39535313.0,,,76.5,451.3,,
XOM,15730.6,39534861.7,15812.2,39535318.2,,,81.6,456.5,,
AMZN,15730.6,39534861.7,15816.3,39535322.3,,,85.7,460.6,,
AAPL,15730.6,39534861.7,15820.0,39535325.9,,,89.4,464.2,,
GOOG,15730.6,39534861.7,15825.2,39535331.1,,,94.6,469.4,,
NFLX,15730.6,39534861.7,15829.6,39535335.6,,,99.0,473.8,,
GOOGL,15840.1,39537462.6,15911.6,39537918.5,,,71.4,455.9,,
PLTR,15840.1,39537462.6,15914.3,39537921.3,,,74.1,458.6,,
ORCL,15840.1,39537462.6,15917.1,39537924.0,,,76.9,461.4,,
XOM,15840.1,39537462.6,15923.3,39537930.5,,,83.1,467.9,,
AMZN,15840.1,39537462.6,15927.0,39537934.3,,,86.9,471.6,,
AAPL,15840.1,39537462.6,15930.6,39537937.9,,,90.4,475.2,,
GOOG,15840.1,39537462.6,15935.1,39537942.4,,,94.9,479.7,,
NFLX,15840.1,39537462.6,15939.1,39537946.3,,,98.9,483.7,,
GOOGL,15946.8,39540069.3,16014.2,39540513.7,,,67.4,444.4,,
PLTR,15946.8,39540069.3,16016.9,39540516.4,,,70.1,447.1,,
ORCL,15946.8,39540069.3,16019.8,39540519.2,,,73.0,450.0,,
XOM,15946.8,39540069.3,16025.3,39540524.7,,,78.5,455.5,,
AMZN,15946.8,39540069.3,16028.6,39540528.1,,,81.8,458.8,,
AAPL,15946.8,39540069.3,16031.4,39540530.9,,,84.6,461.6,,
GOOG,15946.8,39540069.3,16034.4,39540533.9,,,87.6,464.7,,
NFLX,15946.8,39540069.3,16039.0,39540538.6,,,92.2,469.3,,
GOOGL,16049.6,39542671.9,16120.0,39543139.0,,,70.4,467.1,,
PLTR,16049.6,39542671.9,16122.6,39543141.5,,,72.9,469.7,,
ORCL,16049.6,39542671.9,16125.4,39543144.3,,,75.8,472.5,,
XOM,16049.6,39542671.9,16128.6,39543147.6,,,79.0,475.7,,
AMZN,16049.6,39542671.9,16134.8,39543153.7,,,85.1,481.9,,
AAPL,16049.6,39542671.9,16138.2,39543157.2,,,88.6,485.4,,
GOOG,16049.6,39542671.9,16142.7,39543161.7,,,93.0,489.8,,
NFLX,16049.6,39542671.9,16146.4,39543165.3,,,96.7,493.5,,
GOOGL,16157.9,39545300.2,16229.1,39545757.0,,,71.2,456.8,,
PLTR,16157.9,39545300.2,16231.6,39545759.5,,,73.7,459.3,,
ORCL,16157.9,39545300.2,16234.5,39545762.4,,,76.6,462.2,,
XOM,16157.9,39545300.2,16238.6,39545766.5,,,80.7,466.3,,
AMZN,16157.9,39545300.2,16243.2,39545771.1,,,85.3,470.9,,
AAPL,16157.9,39545300.2,16247.9,39545775.8,,,90.0,475.6,,
GOOG,16157.9,39545300.2,16251.0,39545779.0,,,93.0,478.7,,
NFLX,16157.9,39545300.2,16257.1,39545785.1,16265.0,39546021.3,99.2,484.9,107.1,721.1
GOOGL,16292.3,39548272.1,16362.0,39548723.4,,,69.7,451.4,,
PLTR,16292.3,39548272.1,16364.8,39548726.2,,,72.4,454.1,,
ORCL,16292.3,39548272.1,16368.1,39548729.6,,,75.8,457.5,,
XOM,16292.3,39548272.1,16372.1,39548733.6,,,79.8,461.5,,
AMZN,16292.3,39548272.1,16377.9,39548739.4,,,85.5,467.3,,
AAPL,16292.3,39548272.1,16381.1,39548742.6,,,88.8,470.6,,
GOOG,16292.3,39548272.1,16385.2,39548746.8,,,92.8,474.7,,
GOOGL,16396.7,39550873.6,16468.4,39551326.4,,,71.7,452.9,,
PLTR,16396.7,39550873.6,16471.1,39551329.1,,,74.4,455.5,,
ORCL,16396.7,39550873.6,16474.1,39551332.2,,,77.4,458.7,,
XOM,16396.7,39550873.6,16479.7,39551337.8,,,83.0,464.3,,
AMZN,16396.7,39550873.6,16483.2,39551341.4,,,86.5,467.9,,
AAPL,16396.7,39550873.6,16486.3,39551344.5,,,89.6,471.0,,
GOOG,16396.7,39550873.6,16489.6,39551348.0,,,92.9,474.4,,
GOOGL,16500.6,39553474.6,16572.3,39553934.3,,,71.7,459.7,,
PLTR,16500.6,39553474.6,16575.0,39553937.0,,,74.4,462.4,,
ORCL,16500.6,39553474.6,16577.7,39553939.8,,,77.1,465.2,,
XOM,16500.6,39553474.6,16582.9,39553944.9,,,82.3,470.4,,
AMZN,16500.6,39553474.6,16587.7,39553949.8,,,87.1,475.2,,
AAPL,16500.6,39553474.6,16591.3,39553953.5,,,90.8,478.9,,
GOOG,16500.6,39553474.6,16595.9,39553958.0,,,95.3,483.4,,
GOOGL,16607.8,39556082.9,16678.3,39556546.6,,,70.6,463.6,,
PLTR,16607.8,39556082.9,16681.0,39556549.3,,,73.3,466.3,,
ORCL,16607.8,39556082.9,16683.9,39556552.1,,,76.1,469.2,,
XOM,16607.8,39556082.9,16688.0,39556556.3,,,80.2,473.3,,
AMZN,16607.8,39556082.9,16693.1,39556561.4,,,85.4,478.5,,
AAPL,16607.8,39556082.9,16698.3,39556566.6,,,90.5,483.6,,
GOOG,16607.8,39556082.9,16702.6,39556570.8,,,94.8,487.9,,
GOOGL,16711.6,39558688.7,16786.9,39559143.0,,,75.3,454.3,,
PLTR,16711.6,39558688.7,16790.0,39559146.2,,,78.4,457.4,,
ORCL,16711.6,39558688.7,16793.0,39559149.2,,,81.4,460.5,,
XOM,16711.6,39558688.7,16797.0,39559153.2,,,85.4,464.4,,
AMZN,16711.6,39558688.7,16802.5,39559158.7,,,90.9,470.0,,
AAPL,16711.6,39558688.7,16806.3,39559162.6,,,94.7,473.8,,
GOOG,16711.6,39558688.7,16809.5,39559165.8,,,97.9,477.0,,
GOOGL,16820.7,39561281.7,16892.5,39561742.8,,,71.7,461.2,,
PLTR,16820.7,39561281.7,16895.1,39561745.5,,,74.4,463.8,,
ORCL,16820.7,39561281.7,16897.9,39561748.3,,,77.1,466.6,,
XOM,16820.7,39561281.7,16900.6,39561751.1,,,79.9,469.4,,
AMZN,16820.7,39561281.7,16905.6,39561756.3,,,84.9,474.7,,
AAPL,16820.7,39561281.7,16909.4,39561760.2,,,88.7,478.5,,
GOOG,16820.7,39561281.7,16912.7,39561763.5,,,92.0,481.8,,
GOOGL,16922.8,39563888.6,16994.5,39564352.9,,,71.7,464.3,,
PLTR,16922.8,39563888.6,16997.2,39564355.6,,,74.4,467.0,,
ORCL,16922.8,39563888.6,17000.0,39564358.4,,,77.2,469.8,,
XOM,16922.8,39563888.6,17003.0,39564361.4,,,80.2,472.8,,
AMZN,16922.8,39563888.6,17007.2,39564365.6,,,84.4,477.0,,
AAPL,16922.8,39563888.6,17012.0,39564370.4,,,89.2,481.8,,
GOOG,16922.8,39563888.6,17015.6,39564374.0,,,92.7,485.4,,
GOOGL,17026.8,39566490.5,17097.4,39566942.5,,,70.5,451.9,,
PLTR,17026.8,39566490.5,17100.1,39566945.2,,,73.2,454.6,,
ORCL,17026.8,39566490.5,17102.8,39566947.9,,,76.0,457.4,,
XOM,17026.8,39566490.5,17105.5,39566950.6,,,78.7,460.0,,
AMZN,17026.8,39566490.5,17112.1,39566957.2,,,85.3,466.7,,
AAPL,17026.8,39566490.5,17117.8,39566963.1,,,91.0,472.5,,
GOOG,17026.8,39566490.5,17120.7,39566966.0,,,93.9,475.5,,
GOOGL,17132.5,39569090.8,17203.2,39569542.8,,,70.8,452.0,,
PLTR,17132.5,39569090.8,17205.9,39569545.4,,,73.4,454.7,,
ORCL,17132.5,39569090.8,17208.6,39569548.2,,,76.2,457.4,,
XOM,17132.5,39569090.8,17211.5,39569551.0,,,79.0,460.2,,
AMZN,17132.5,39569090.8,17218.1,39569557.7,,,85.7,466.9,,
AAPL,17132.5,39569090.8,17223.2,39569562.7,,,90.7,472.0,,
GOOG,17132.5,39569090.8,17226.2,39569565.7,,,93.7,474.9,,
GOOGL,17238.1,39571689.9,17309.5,39572141.2,,,71.4,451.3,,
PLTR,17238.1,39571689.9,17312.0,39572143.7,,,73.9,453.9,,
ORCL,17238.1,39571689.9,17314.8,39572146.6,,,76.7,456.7,,
XOM,17238.1,39571689.9,17317.6,39572149.3,,,79.5,459.5,,
AMZN,17238.1,39571689.9,17321.2,39572153.0,,,83.1,463.1,,
AAPL,17238.1,39571689.9,17326.4,39572158.2,,,88.3,468.3,,
GOOG,17238.1,39571689.9,17330.8,39572162.7,,,92.7,472.8,,
GOOGL,17342.4,39574290.2,17414.7,39574753.8,,,72.3,463.6,,
PLTR,17342.4,39574290.2,17417.2,39574756.4,,,74.9,466.1,,
ORCL,17342.4,39574290.2,17420.1,39574759.2,,,77.7,469.0,,
XOM,17342.4,39574290.2,17422.8,39574761.9,,,80.4,471.7,,
AMZN,17342.4,39574290.2,17427.4,39574766.6,,,85.0,476.4,,
AAPL,17342.4,39574290.2,17432.8,39574772.0,,,90.4,481.8,,
GOOG,17342.4,39574290.2,17436.6,39574775.9,,,94.2,485.6,,
GOOGL,17448.0,39576890.3,17520.1,39577372.5,,,72.1,482.2,,
PLTR,17448.0,39576890.3,17522.8,39577375.1,,,74.8,484.8,,
ORCL,17448.0,39576890.3,17525.6,39577377.9,,,77.6,487.6,,
XOM,17448.0,39576890.3,17528.4,39577380.8,,,80.4,490.5,,
AMZN,17448.0,39576890.3,17533.4,39577385.7,,,85.3,495.4,,
AAPL,17448.0,39576890.3,17538.6,39577390.9,,,90.6,500.7,,
GOOG,17448.0,39576890.3,17542.2,39577394.5,,,94.1,504.3,,
GOOGL,17553.5,39579522.9,17624.3,39579973.1,,,70.8,450.3,,
PLTR,17553.5,39579522.9,17626.8,39579975.7,,,73.4,452.8,,
ORCL,17553.5,39579522.9,17629.7,39579978.5,,,76.2,455.7,,
XOM,17553.5,39579522.9,17632.6,39579981.5,,,79.2,458.6,,
AMZN,17553.5,39579522.9,17636.4,39579985.2,,,82.9,462.4,,
AAPL,17553.5,39579522.9,17640.9,39579989.8,,,87.5,466.9,,
GOOG,17553.5,39579522.9,17645.6,39579994.6,,,92.1,471.7,,
GOOGL,17653.4,39582115.6,17724.5,39582581.3,,,71.1,465.7,,
PLTR,17653.4,39582115.6,17727.0,39582583.8,,,73.6,468.2,,
ORCL,17653.4,39582115.6,17729.9,39582586.7,,,76.5,471.1,,
XOM,17653.4,39582115.6,17732.7,39582589.5,,,79.3,473.9,,
AMZN,17653.4,39582115.6,17736.0,39582592.8,,,82.6,477.3,,
AAPL,17653.4,39582115.6,17741.6,39582598.4,,,88.2,482.8,,
GOOG,17653.4,39582115.6,17746.2,39582603.0,,,92.8,487.4,,
GOOGL,17756.5,39584726.0,17832.1,39585187.8,,,75.5,461.7,,
PLTR,17756.5,39584726.0,17834.8,39585190.5,,,78.3,464.5,,
ORCL,17756.5,39584726.0,17837.5,39585193.2,17844.7,39585435.9,80.9,467.1,88.2,709.8
XOM,17756.5,39584726.0,17863.1,39585572.5,,,106.6,846.5,,
AMZN,17756.5,39584726.0,17865.6,39585575.1,,,109.1,849.0,,
AAPL,17756.5,39584726.0,17868.4,39585577.9,,,111.9,851.8,,
GOOG,17756.5,39584726.0,17872.1,39585581.6,,,115.6,855.5,,
GOOGL,17885.4,39587699.7,17970.5,39588169.5,,,85.0,469.8,,
PLTR,17885.4,39587699.7,17973.3,39588172.4,,,87.9,472.6,,
XOM,17885.4,39587699.7,17976.4,39588175.4,,,90.9,475.7,,
AMZN,17885.4,39587699.7,17982.5,39588181.6,,,97.1,481.8,,
AAPL,17885.4,39587699.7,17986.4,39588185.5,,,101.0,485.8,,
GOOG,17885.4,39587699.7,17989.3,39588188.4,,,103.9,488.7,,
GOOGL,18001.2,39590319.1,18072.5,39590791.2,,,71.3,472.1,,
PLTR,18001.2,39590319.1,18075.1,39590793.7,,,73.8,474.7,,
XOM,18001.2,39590319.1,18077.9,39590796.5,,,76.6,477.5,,
AMZN,18001.2,39590319.1,18081.0,39590799.7,,,79.8,480.6,,
AAPL,18001.2,39590319.1,18086.9,39590805.6,,,85.7,486.5,,
GOOG,18001.2,39590319.1,18090.2,39590808.8,,,88.9,489.8,,
GOOGL,18102.0,39592935.9,18171.3,39593383.2,,,69.4,447.3,,
PLTR,18102.0,39592935.9,18173.9,39593385.7,,,71.9,449.9,,
XOM,18102.0,39592935.9,18176.6,39593388.5,,,74.7,452.6,,
AMZN,18102.0,39592935.9,18179.8,39593391.7,,,77.8,455.8,,
AAPL,18102.0,39592935.9,18185.1,39593397.0,,,83.1,461.1,,
GOOG,18102.0,39592935.9,18188.6,39593400.4,,,86.6,464.6,,
GOOGL,18199.4,39595527.5,18270.1,39595981.8,,,70.7,454.3,,
PLTR,18199.4,39595527.5,18272.7,39595984.5,,,73.3,456.9,,
XOM,18199.4,39595527.5,18275.6,39595987.4,,,76.2,459.9,,
AMZN,18199.4,39595527.5,18280.5,39595992.3,,,81.1,464.8,,
AAPL,18199.4,39595527.5,18284.4,39595996.1,,,85.0,468.6,,
GOOG,18199.4,39595527.5,18288.4,39596000.2,,,89.0,472.7,,
GOOGL,18299.3,39598125.7,18370.2,39598569.5,,,70.9,443.8,,
PLTR,18299.3,39598125.7,18372.9,39598572.2,,,73.6,446.5,,
XOM,18299.3,39598125.7,18376.7,39598575.9,,,77.3,450.3,,
AMZN,18299.3,39598125.7,18380.7,39598580.0,,,81.4,454.3,,
AAPL,18299.3,39598125.7,18386.4,39598585.7,,,87.1,460.1,,
GOOG,18299.3,39598125.7,18389.7,39598589.0,,,90.3,463.3,,
GOOGL,18399.8,39600707.4,18470.9,39601157.5,,,71.1,450.1,,
PLTR,18399.8,39600707.4,18473.6,39601160.1,,,73.8,452.7,,
XOM,18399.8,39600707.4,18476.4,39601163.0,,,76.6,455.6,,
AMZN,18399.8,39600707.4,18481.3,39601167.9,,,81.5,460.5,,
AAPL,18399.8,39600707.4,18484.9,39601171.5,,,85.2,464.1,,
GOOG,18399.8,39600707.4,18488.1,39601174.7,,,88.4,467.3,,
GOOGL,18499.5,39603296.7,18570.8,39603749.7,,,71.3,453.1,,
PLTR,18499.5,39603296.7,18573.4,39603752.3,,,73.9,455.6,,
XOM,18499.5,39603296.7,18576.7,39603755.6,,,77.2,459.0,,
AMZN,18499.5,39603296.7,18580.6,39603759.5,,,81.1,462.9,,
AAPL,18499.5,39603296.7,18585.7,39603764.6,,,86.2,468.0,,
GOOG,18499.5,39603296.7,18590.2,39603769.1,,,90.7,472.5,,
GOOGL,18601.7,39605896.5,18670.3,39606361.0,,,68.6,464.5,,
PLTR,18601.7,39605896.5,18672.8,39606363.5,,,71.2,467.1,,
XOM,18601.7,39605896.5,18675.7,39606366.4,,,74.0,469.9,,
AMZN,18601.7,39605896.5,18679.0,39606369.9,,,77.3,473.4,,
AAPL,18601.7,39605896.5,18684.4,39606375.4,,,82.8,478.9,,
GOOG,18601.7,39605896.5,18688.0,39606379.0,,,86.4,482.5,,
GOOGL,18700.1,39608518.8,18769.8,39608978.6,,,69.6,459.7,,
PLTR,18700.1,39608518.8,18772.4,39608981.3,,,72.3,462.4,,
XOM,18700.1,39608518.8,18775.4,39608984.2,,,75.3,465.4,,
AMZN,18700.1,39608518.8,18779.9,39608988.7,,,79.8,469.9,,
AAPL,18700.1,39608518.8,18783.9,39608992.8,,,83.8,473.9,,
GOOG,18700.1,39608518.8,18788.6,39608997.5,,,88.5,478.6,,
GOOGL,18799.9,39611115.7,18870.2,39611585.2,,,70.3,469.5,,
PLTR,18799.9,39611115.7,18872.7,39611587.7,,,72.8,472.0,,
XOM,18799.9,39611115.7,18875.5,39611590.5,,,75.6,474.8,,
AMZN,18799.9,39611115.7,18878.8,39611593.9,,,78.9,478.1,,
AAPL,18799.9,39611115.7,18884.2,39611599.2,,,84.3,483.5,,
GOOG,18799.9,39611115.7,18887.5,39611602.5,,,87.6,486.8,,
GOOGL,18898.7,39613732.7,18968.3,39614190.2,,,69.7,457.5,,
PLTR,18898.7,39613732.7,18971.1,39614193.0,,,72.4,460.3,,
XOM,18898.7,39613732.7,18973.8,39614195.7,,,75.2,463.1,,
AMZN,18898.7,39613732.7,18978.3,39614200.2,,,79.6,467.6,,
AAPL,18898.7,39613732.7,18981.8,39614203.7,,,83.1,471.1,,
GOOG,18898.7,39613732.7,18985.4,39614207.3,,,86.7,474.7,,
GOOGL,18997.2,39616329.9,19066.8,39616800.0,,,69.6,470.1,,
PLTR,18997.2,39616329.9,19069.3,39616802.5,,,72.1,472.6,,
XOM,18997.2,39616329.9,19072.1,39616805.3,,,74.8,475.4,,
AMZN,18997.2,39616329.9,19075.7,39616808.9,,,78.5,479.0,,
AAPL,18997.2,39616329.9,19081.0,39616814.3,,,83.8,484.4,,
GOOG,18997.2,39616329.9,19084.4,39616817.7,,,87.2,487.7,,
GOOGL,19095.8,39618936.4,19166.9,39619390.3,,,71.1,453.9,,
PLTR,19095.8,39618936.4,19169.6,39619393.0,,,73.8,456.6,,
XOM,19095.8,39618936.4,19172.3,39619395.7,,,76.5,459.3,,
AMZN,19095.8,39618936.4,19176.2,39619399.6,,,80.4,463.2,,
AAPL,19095.8,39618936.4,19181.3,39619404.8,,,85.5,468.4,,
GOOG,19095.8,39618936.4,19185.1,39619408.7,,,89.3,472.3,,
GOOGL,19195.5,39621534.1,19266.1,39621984.7,,,70.5,450.6,,
PLTR,19195.5,39621534.1,19268.7,39621987.3,,,73.2,453.3,,
XOM,19195.5,39621534.1,19271.6,39621990.3,,,76.1,456.2,,
AMZN,19195.5,39621534.1,19276.9,39621995.5,,,81.3,461.4,,
AAPL,19195.5,39621534.1,19280.9,39621999.6,,,85.4,465.5,,
GOOG,19195.5,39621534.1,19285.4,39622004.2,,,89.9,470.2,,
GOOGL,19296.2,39624123.9,19366.0,39624585.7,,,69.7,461.8,,
PLTR,19296.2,39624123.9,19368.6,39624588.4,,,72.4,464.4,,
XOM,19296.2,39624123.9,19371.5,39624591.3,,,75.3,467.3,,
AMZN,19296.2,39624123.9,19376.1,39624595.9,,,79.9,471.9,,
AAPL,19296.2,39624123.9,19380.6,39624600.4,,,84.3,476.4,,
GOOG,19296.2,39624123.9,19384.6,39624604.4,19389.6,39624723.4,88.3,480.5,93.4,599.5
GOOGL,19418.1,39626974.9,19489.7,39627449.5,,,71.6,474.6,,
PLTR,19418.1,39626974.9,19492.5,39627452.2,,,74.4,477.4,,
XOM,19418.1,39626974.9,19495.3,39627455.1,,,77.2,480.2,,
AMZN,19418.1,39626974.9,19499.5,39627459.3,,,81.4,484.4,,
AAPL,19418.1,39626974.9,19503.4,39627463.2,,,85.3,488.3,,
GOOGL,19513.7,39629583.7,19587.8,39630056.4,,,74.1,472.6,,
PLTR,19513.7,39629583.7,19590.5,39630059.0,,,76.8,475.3,,
XOM,19513.7,39629583.7,19594.0,39630062.6,,,80.3,478.8,,
AMZN,19513.7,39629583.7,19597.8,39630066.3,,,84.0,482.6,,
AAPL,19513.7,39629583.7,19603.4,39630071.9,,,89.7,488.2,,
GOOGL,19615.3,39632195.9,19684.9,39632654.7,,,69.5,458.8,,
PLTR,19615.3,39632195.9,19687.5,39632657.3,,,72.2,461.5,,
XOM,19615.3,39632195.9,19690.9,39632660.7,,,75.5,464.8,,
AMZN,19615.3,39632195.9,19694.7,39632664.6,,,79.4,468.7,,
AAPL,19615.3,39632195.9,19700.2,39632670.1,,,84.9,474.2,,
GOOGL,19712.2,39634795.5,19781.5,39635245.6,,,69.4,450.1,,
PLTR,19712.2,39634795.5,19784.2,39635248.2,,,72.1,452.7,,
XOM,19712.2,39634795.5,19787.1,39635251.2,,,74.9,455.7,,
AMZN,19712.2,39634795.5,19792.2,39635256.4,,,80.1,460.9,,
AAPL,19712.2,39634795.5,19796.6,39635260.8,,,84.5,465.3,,
GOOGL,19807.5,39637384.6,19878.9,39637833.6,,,71.4,449.0,,
PLTR,19807.5,39637384.6,19881.6,39637836.4,,,74.1,451.8,,
XOM,19807.5,39637384.6,19884.4,39637839.2,,,77.0,454.6,,
AMZN,19807.5,39637384.6,19889.7,39637844.5,,,82.3,459.9,,
AAPL,19807.5,39637384.6,19894.1,39637848.9,,,86.6,464.3,,
GOOGL,19904.0,39639972.2,20018.5,39640471.1,,,114.5,498.9,,
PLTR,19904.0,39639972.2,20021.1,39640473.8,,,117.1,501.5,,
XOM,19904.0,39639972.2,20023.9,39640476.5,,,119.9,504.3,,
AMZN,19904.0,39639972.2,20027.1,39640479.8,,,123.1,507.6,,
AAPL,19904.0,39639972.2,20030.5,39640483.2,,,126.5,511.0,,
GOOGL,20040.6,39642611.3,20111.3,39643054.9,,,70.7,443.6,,
PLTR,20040.6,39642611.3,20113.9,39643057.5,,,73.3,446.2,,
XOM,20040.6,39642611.3,20116.6,39643060.2,,,76.0,448.9,,
AMZN,20040.6,39642611.3,20120.3,39643063.9,,,79.7,452.6,,
AAPL,20040.6,39642611.3,20125.3,39643068.9,,,84.7,457.6,,
GOOGL,20132.1,39645182.8,20199.3,39645638.0,,,67.2,455.3,,
PLTR,20132.1,39645182.8,20201.8,39645640.6,,,69.7,457.8,,
XOM,20132.1,39645182.8,20204.6,39645643.3,,,72.5,460.6,,
AMZN,20132.1,39645182.8,20208.3,39645647.1,,,76.2,464.4,,
AAPL,20132.1,39645182.8,20213.3,39645652.1,,,81.2,469.3,,
GOOGL,20224.9,39647773.0,20294.5,39648224.0,,,69.6,450.9,,
PLTR,20224.9,39647773.0,20297.1,39648226.5,,,72.2,453.5,,
XOM,20224.9,39647773.0,20299.9,39648229.4,,,75.0,456.3,,
AMZN,20224.9,39647773.0,20303.2,39648232.6,,,78.3,459.6,,
AAPL,20224.9,39647773.0,20309.0,39648238.5,,,84.2,465.5,,
GOOGL,20320.6,39650353.3,20390.4,39650808.8,,,69.8,455.5,,
PLTR,20320.6,39650353.3,20392.9,39650811.2,,,72.2,458.0,,
XOM,20320.6,39650353.3,20395.7,39650814.1,,,75.1,460.8,,
AMZN,20320.6,39650353.3,20399.2,39650817.6,,,78.6,464.3,,
AAPL,20320.6,39650353.3,20404.8,39650823.2,,,84.2,469.9,,
GOOGL,20415.8,39652943.4,20486.0,39653397.4,,,70.2,454.0,,
PLTR,20415.8,39652943.4,20488.7,39653400.1,,,72.9,456.7,,
XOM,20415.8,39652943.4,20491.5,39653402.9,,,75.7,459.5,,
AMZN,20415.8,39652943.4,20495.4,39653406.8,,,79.6,463.4,,
AAPL,20415.8,39652943.4,20500.0,39653411.4,,,84.2,468.0,,
GOOGL,20511.1,39655533.5,20581.2,39655987.2,,,70.1,453.7,,
PLTR,20511.1,39655533.5,20583.8,39655989.8,20589.9,39656225.5,72.7,456.3,78.8,692.0
XOM,20511.1,39655533.5,20610.1,39656351.3,,,99.0,817.8,,
AMZN,20511.1,39655533.5,20612.7,39656353.9,,,101.6,820.4,,
AAPL,20511.1,39655533.5,20615.3,39656356.5,,,104.2,823.0,,
AMZN,20626.1,39658472.8,20695.6,39658934.7,20701.7,39659171.8,69.5,461.9,75.6,699.0
AAPL,20626.1,39658472.8,20721.2,39659304.7,20727.3,39659543.1,95.1,831.9,101.3,1070.3
GOOGL,20626.1,39658472.8,20747.9,39659683.4,,,121.8,1210.7,,
XOM,20626.1,39658472.8,20750.4,39659685.9,20757.0,39659919.1,124.3,1213.2,130.9,1446.3
GOOGL,20782.1,39662156.2,20851.8,39662618.0,20857.8,39662854.8,69.6,461.8,75.7,698.6
