timestamp,AAPL,AMZN,AVGO,BRK.B,COST,GOOG,GOOGL,JNJ,JPM,LLY,MA,META,MSFT,NFLX,NVDA,ORCL,PLTR,TSLA,V,WMT,XOM
2025-10-09 17:10:00+00:00,253.6314,223.809,342.725,495.665,941.6175,241.69,241.0,191.28,304.56,851.815,568.41,726.67,518.8681,1236.16,192.939,298.015,181.905,430.26,347.84,101.16,113.5
2025-10-09 17:12:00+00:00,253.33,223.84,342.3373,495.7499,940.375,241.8,241.1,191.27,304.9,850.9136,567.37,726.305,518.87,1236.9099,192.68,297.75,181.87,430.68,347.75,101.17,113.5
2025-10-09 17:14:00+00:00,253.2,223.77,342.27,495.68,940.84,241.81,241.11,191.1401,305.05,850.72,567.45,726.65,518.81,1235.7,192.7,297.94,182.05,430.39,347.83,101.2,113.43
2025-10-09 17:16:00+00:00,253.2076,223.53,341.7327,495.775,940.36,241.44,240.755,191.2096,304.89,851.2405,567.4878,725.845,518.325,1235.48,192.49,298.29,181.845,430.395,347.45,101.1,113.42
2025-10-09 17:18:00+00:00,253.31,223.558,342.265,495.813,938.98,241.52,240.815,191.255,304.937,851.75,566.6,726.06,518.69,1235.34,192.76,298.7,182.125,431.0248,347.505,101.12,113.4
2025-10-09 17:20:00+00:00,253.345,223.77,342.29,495.926,939.273,241.52,240.85,191.25,304.961,851.14,566.792,726.0,518.78,1234.71,192.83,298.685,182.085,431.03,347.6845,101.105,113.41
2025-10-09 17:22:00+00:00,253.46,223.83,342.34,495.73,939.78,241.6497,240.945,191.1492,305.0281,,566.44,726.32,518.86,1235.85,192.83,298.95,182.1224,431.08,347.68,101.126,113.39
2025-10-09 17:24:00+00:00,253.329,223.87,342.09,495.89,940.05,241.49,240.8,191.21,304.98,850.63,566.66,726.11,518.97,1236.18,192.8164,298.895,181.899,430.22,347.6972,101.15,113.475
2025-10-09 17:26:00+00:00,253.34,223.8814,341.42,495.9075,941.3,241.52,240.83,191.259,304.9905,850.95,567.2155,725.92,518.85,1236.7,192.59,298.56,181.7,429.455,347.805,101.1896,113.36
2025-10-09 17:28:00+00:00,253.4,223.91,341.46,495.9491,940.8,241.295,240.62,191.16,305.01,850.29,567.31,726.0,518.93,1235.62,192.6601,298.0104,181.64,429.81,347.9375,101.185,113.36
2025-10-09 17:30:00+00:00,253.4139,224.1593,341.67,496.21,940.235,241.375,240.69,191.19,304.85,850.34,567.33,726.21,518.85,1235.9225,192.6348,298.9651,181.7409,430.18,348.11,101.2,113.42
2025-10-09 17:32:00+00:00,253.2,224.2399,341.4577,495.9875,939.545,241.485,240.82,191.175,304.83,850.515,567.045,726.545,518.61,1234.76,192.58,299.12,181.599,428.87,347.845,101.2,113.475
2025-10-09 17:34:00+00:00,253.36,224.22,341.25,496.17,938.495,241.3531,240.67,191.15,304.99,849.6406,566.94,726.5886,518.445,1233.3696,192.29,298.0,181.225,427.53,347.913,101.115,113.41
2025-10-09 17:36:00+00:00,253.51,224.399,342.03,496.407,937.935,241.49,240.82,190.9,305.13,851.01,566.77,726.87,518.86,1233.98,192.81,298.8578,181.6699,428.86,347.825,101.195,113.46
2025-10-09 17:38:00+00:00,253.69,224.44,342.1,495.855,938.02,241.445,240.78,190.78,305.0567,850.36,566.56,726.7141,519.155,1234.685,192.87,298.5201,181.85,429.6,347.67,101.22,113.485
2025-10-09 17:40:00+00:00,253.585,224.4928,342.23,495.45,937.6,241.535,240.88,190.795,304.99,850.3725,565.995,727.505,519.235,1236.39,192.8,298.88,181.7786,430.16,347.28,101.17,113.54
2025-10-09 17:42:00+00:00,253.3775,224.66,342.2,495.25,938.55,241.42,240.7401,190.7,304.8,850.4576,565.92,727.625,519.0,1235.44,192.65,298.685,181.645,429.7428,347.25,101.19,113.49
2025-10-09 17:44:00+00:00,253.425,224.69,342.29,495.38,938.9,241.5301,240.865,190.71,304.8876,851.4499,565.817,727.805,519.29,1235.61,192.73,298.9312,181.789,429.73,347.21,101.17,113.465
2025-10-09 17:46:00+00:00,253.442,224.82,342.0,495.45,939.02,241.66,240.985,190.7616,304.8042,851.51,566.26,729.24,519.555,1236.25,192.77,298.8522,181.82,429.29,347.46,101.07,113.445
2025-10-09 17:48:00+00:00,253.555,224.9,342.145,495.74,938.895,241.59,240.93,190.71,305.07,851.51,566.07,728.59,519.5002,1236.65,192.915,299.18,181.881,430.0828,347.465,101.025,113.4
2025-10-09 17:50:00+00:00,253.535,224.79,342.04,495.705,938.25,241.44,240.765,190.77,304.845,850.93,566.22,728.515,519.385,1235.93,192.7677,298.45,181.961,429.696,347.5,101.04,113.41
2025-10-09 17:52:00+00:00,253.48,224.8848,342.015,495.6167,938.34,241.3451,240.675,190.65,304.88,851.09,566.34,728.9468,519.245,1236.18,192.96,298.395,182.13,429.99,347.25,101.025,113.42
2025-10-09 17:54:00+00:00,253.495,224.9302,342.305,495.75,938.405,241.26,240.58,190.59,305.0691,851.01,566.345,728.76,519.32,1235.16,192.84,298.05,182.1,430.095,347.31,101.05,113.395
2025-10-09 17:56:00+00:00,253.595,225.11,342.543,495.5252,937.65,241.41,240.77,190.59,304.9,851.115,566.08,729.37,519.31,1236.25,192.815,297.77,182.19,430.7596,347.07,101.01,113.44
2025-10-09 17:58:00+00:00,253.63,225.15,342.9,495.55,937.025,241.285,240.62,190.63,304.89,850.8,566.185,729.234,519.5389,1235.37,193.005,297.92,182.2201,430.8,347.134,101.005,113.48
2025-10-09 18:00:00+00:00,253.73,225.0436,343.06,495.165,935.21,241.07,240.42,190.545,304.89,851.135,565.7,727.955,519.45,1235.07,192.77,298.54,182.4033,430.02,346.87,100.925,113.41
2025-10-09 18:02:00+00:00,253.695,225.1699,342.67,495.25,935.01,241.185,240.533,190.585,304.94,851.21,565.455,728.825,519.65,1234.74,192.68,298.38,182.5161,430.1683,346.81,100.93,113.315
2025-10-09 18:04:00+00:00,253.4928,224.89,342.925,495.16,934.995,241.17,240.54,190.52,304.79,851.52,565.705,728.78,519.465,1233.82,192.651,298.05,182.48,430.8,346.5246,100.96,113.31
2025-10-09 18:06:00+00:00,253.5198,224.98,343.1,494.8,934.69,241.03,240.37,190.515,304.775,851.42,564.88,728.53,519.38,1233.51,192.7386,298.2079,182.57,431.2731,346.31,100.985,113.24
2025-10-09 18:08:00+00:00,253.54,225.22,343.29,494.775,934.67,241.09,240.44,190.6,304.93,851.44,565.04,729.155,519.55,1233.43,192.81,298.1,182.461,431.4801,346.595,101.02,113.1901
2025-10-09 18:10:00+00:00,253.5899,225.42,343.58,494.97,934.31,241.18,240.53,190.6372,304.94,851.9499,565.285,729.515,519.85,1233.56,193.04,298.01,182.6496,431.48,346.53,101.08,113.195
2025-10-09 18:12:00+00:00,253.74,225.23,343.48,495.14,934.59,241.24,240.58,190.5191,304.9,851.57,565.67,729.4,519.79,1234.47,192.824,297.75,182.544,431.54,346.38,101.08,113.14
2025-10-09 18:14:00+00:00,253.71,225.545,343.74,495.25,935.045,241.31,240.66,190.59,304.91,851.8,565.81,729.83,519.885,1234.56,192.77,298.24,182.81,431.47,346.66,101.085,113.15
2025-10-09 18:16:00+00:00,253.825,225.48,343.92,495.5,935.51,241.42,240.775,190.59,305.14,852.41,566.04,730.0701,520.0963,1234.3,193.0048,298.615,183.13,432.02,346.845,101.18,113.1976
2025-10-09 18:18:00+00:00,253.7,225.53,343.691,495.74,934.85,241.27,240.645,190.605,305.21,852.59,566.07,729.8001,519.95,1234.1199,192.9582,298.55,183.1744,431.6212,346.83,101.1,113.12
2025-10-09 18:20:00+00:00,253.61,225.78,343.875,495.92,934.94,241.23,240.57,190.46,305.17,853.75,566.51,730.03,519.93,1232.77,192.89,298.635,183.0467,431.48,346.88,101.17,113.045
2025-10-09 18:22:00+00:00,253.585,226.01,343.54,495.9,935.97,241.285,240.63,190.45,305.25,854.77,566.549,730.225,520.23,1232.0008,192.8165,298.525,183.109,431.4801,346.925,101.2,113.06
2025-10-09 18:24:00+00:00,253.62,226.1,343.74,496.005,935.47,241.38,240.72,190.515,305.31,855.4942,566.37,730.28,520.28,1232.796,192.8686,298.445,183.042,431.975,346.98,101.1775,113.095
2025-10-09 18:26:00+00:00,253.535,226.32,343.77,495.905,936.23,241.33,240.68,190.4625,305.2699,854.825,566.04,729.89,519.95,1233.322,192.72,298.33,183.185,431.841,346.81,101.145,113.1
2025-10-09 18:28:00+00:00,253.435,226.19,343.4421,495.99,936.04,241.22,240.5201,190.51,304.9901,854.045,566.32,729.0,519.565,1233.4596,192.545,298.435,183.22,431.5,346.915,101.13,113.12
2025-10-09 18:30:00+00:00,253.45,226.19,343.54,495.725,936.22,241.26,240.63,190.57,305.12,854.165,566.095,728.995,519.88,1234.5,192.453,298.385,183.305,431.96,347.09,101.085,112.9755
2025-10-09 18:32:00+00:00,253.5,226.14,343.29,495.907,935.8148,241.24,240.6,190.645,305.0399,854.11,565.665,729.03,519.525,1234.55,192.25,298.165,183.265,431.93,346.59,101.075,112.95
2025-10-09 18:34:00+00:00,253.565,226.31,343.32,496.015,935.75,241.3,240.64,190.72,305.13,854.3,565.24,729.31,519.6425,1235.14,192.32,298.28,183.29,432.0595,346.47,101.1,112.915
2025-10-09 18:36:00+00:00,253.64,226.49,343.49,495.93,936.02,241.31,240.66,190.72,305.26,854.225,565.1635,729.62,519.78,1235.585,192.3,298.29,183.3862,432.51,346.4501,101.0945,112.905
2025-10-09 18:38:00+00:00,253.61,226.48,343.35,495.9999,935.65,241.386,240.7043,190.72,305.335,854.2758,565.235,729.646,519.715,1236.35,192.1982,298.02,183.3952,432.08,346.55,101.17,112.9185
2025-10-09 18:40:00+00:00,253.54,226.33,343.3,496.0,936.69,241.32,240.63,190.76,305.19,854.73,564.9001,729.865,519.725,1236.56,192.2724,298.025,183.96,431.745,346.525,101.26,112.935
2025-10-09 18:42:00+00:00,253.445,226.17,343.305,495.77,936.01,241.304,240.6213,190.7108,304.9785,854.11,564.52,729.64,519.655,1236.75,192.435,297.9002,183.9,432.28,346.27,101.2,112.8352
2025-10-09 18:44:00+00:00,253.39,226.09,343.43,495.795,935.805,241.3101,240.65,190.69,305.22,853.735,565.02,729.67,519.6606,1236.505,192.37,297.91,184.41,432.473,346.35,101.17,112.85
2025-10-09 18:46:00+00:00,253.4328,226.4,343.23,495.47,935.8,241.3401,240.6672,190.62,305.0911,853.9099,565.005,730.11,519.88,1236.87,192.4636,297.92,185.34,432.66,346.275,101.21,112.825
2025-10-09 18:48:00+00:00,253.515,226.56,343.0,495.55,935.245,241.3484,240.66,190.555,305.145,853.4699,564.81,729.71,519.78,1236.7011,192.41,297.11,185.08,433.27,346.245,101.2454,112.7962
2025-10-09 18:50:00+00:00,253.63,226.66,342.725,495.5,935.74,241.31,240.61,190.56,305.2515,852.97,565.12,729.94,519.85,1236.8021,192.41,296.8294,185.1599,433.3661,346.62,101.295,112.845
2025-10-09 18:52:00+00:00,253.5797,226.455,343.2,495.505,935.435,241.39,240.695,190.6,305.25,852.8001,564.7,730.016,519.885,1236.85,192.3885,296.8,185.214,432.88,346.385,101.395,112.87
2025-10-09 18:54:00+00:00,253.6799,226.39,343.2399,495.51,936.24,241.625,240.92,190.535,305.255,853.1695,564.72,730.49,520.01,1236.505,192.44,297.06,185.185,433.035,346.58,101.41,112.92
2025-10-09 18:56:00+00:00,253.745,226.79,343.27,495.48,936.1,241.75,241.035,190.5,305.445,853.24,564.449,730.995,520.1767,1236.7503,192.6525,297.075,185.52,433.82,346.6,101.375,112.9
2025-10-09 18:58:00+00:00,253.8077,226.8453,343.04,495.535,936.87,241.57,240.86,190.455,305.33,853.455,564.195,731.34,520.18,1235.83,192.56,296.77,185.155,433.83,346.34,101.385,112.865
2025-10-09 19:00:00+00:00,253.8854,226.7,343.27,495.39,935.39,241.76,241.04,190.485,305.455,853.17,563.57,732.055,520.1325,1235.225,192.6801,297.21,185.49,434.12,346.16,101.33,112.83
2025-10-09 19:02:00+00:00,253.87,226.6822,343.9874,495.515,935.87,241.7,240.99,190.47,305.515,852.55,563.645,731.4,520.18,1236.37,192.77,297.32,185.7,434.46,346.13,101.425,112.88
2025-10-09 19:04:00+00:00,253.65,226.7086,343.785,495.4,936.26,241.575,240.84,190.51,305.4,852.1175,563.43,731.655,519.97,1235.79,192.8669,297.6,185.74,435.0301,346.31,101.44,112.78
2025-10-09 19:06:00+00:00,253.79,226.77,343.8,495.446,936.0875,241.76,241.06,190.57,305.45,852.51,563.48,731.77,520.24,1235.49,192.8699,298.07,185.8406,435.195,346.31,101.465,112.785
2025-10-09 19:08:00+00:00,254.02,226.76,343.81,495.45,936.77,241.932,241.235,190.57,305.395,852.67,563.855,732.33,520.25,1236.555,192.85,298.2999,185.76,435.025,346.42,101.585,112.79
2025-10-09 19:10:00+00:00,254.052,226.865,343.99,495.49,936.64,241.95,241.28,190.4889,305.33,852.4761,563.71,731.81,520.16,1237.0001,192.935,298.27,185.7514,435.14,346.45,101.48,112.8024
2025-10-09 19:12:00+00:00,253.9427,226.64,343.99,495.74,937.32,241.72,241.01,190.58,305.54,852.76,563.91,731.16,519.91,1236.77,192.87,298.22,185.69,434.9028,346.47,101.49,112.875
2025-10-09 19:14:00+00:00,253.9301,226.4315,343.925,495.745,938.22,241.57,240.88,190.58,305.49,851.88,563.64,730.75,518.475,1236.335,193.21,298.255,185.8469,435.035,346.331,101.5,112.9135
2025-10-09 19:16:00+00:00,253.9358,226.85,343.93,495.82,937.99,241.7442,241.06,190.55,305.54,852.42,563.781,731.1172,519.04,1236.67,193.0435,298.06,186.6,435.2596,346.29,101.48,112.91
2025-10-09 19:18:00+00:00,253.86,226.965,344.455,495.91,939.255,241.8,241.055,190.54,305.51,851.8291,563.92,731.5273,519.7,1235.585,193.205,298.455,187.14,434.89,346.18,101.495,112.97
2025-10-09 19:20:00+00:00,253.9,226.9499,344.145,495.75,939.31,241.81,241.11,190.6,305.48,852.385,563.59,731.305,520.535,1235.425,193.055,298.36,187.3908,435.41,346.125,101.525,112.995
2025-10-09 19:22:00+00:00,253.9835,226.985,344.34,495.79,939.24,241.78,241.09,190.55,305.435,851.71,563.38,731.49,520.37,1234.83,192.945,298.6698,187.306,435.4001,345.96,101.475,113.005
2025-10-09 19:24:00+00:00,253.92,227.0435,344.7,495.83,939.45,241.8008,241.125,190.56,305.5,851.76,563.41,731.83,520.73,1234.4075,192.9031,299.435,187.125,435.3,345.89,101.51,113.035
2025-10-09 19:26:00+00:00,253.88,226.895,344.85,496.0,938.76,241.84,241.14,190.595,305.415,851.59,563.28,731.96,520.9,1235.2547,192.85,299.17,186.91,436.0648,345.665,101.455,112.995
2025-10-09 19:28:00+00:00,253.775,226.74,345.09,495.9,938.65,241.705,241.01,190.635,305.3,851.8,564.035,731.89,521.52,1235.055,192.74,298.8,186.48,435.385,345.76,101.515,112.965
2025-10-09 19:30:00+00:00,253.68,226.76,345.63,495.8942,938.81,241.75,241.04,190.57,305.25,851.91,564.11,731.85,521.07,1234.99,192.825,298.46,186.32,435.4,345.79,101.4562,112.97
2025-10-09 19:32:00+00:00,253.68,226.6628,345.535,495.83,938.96,241.8401,241.15,190.68,305.26,851.93,564.13,731.91,521.3,1234.245,192.73,298.8,186.34,434.8559,345.9,101.4446,113.025
2025-10-09 19:34:00+00:00,253.6203,226.8102,345.42,495.9,939.125,241.71,240.98,190.7,305.475,851.87,563.13,732.64,521.395,1234.685,192.64,298.415,186.26,434.99,345.835,101.441,113.075
2025-10-09 19:36:00+00:00,253.605,226.89,345.16,496.125,939.96,241.6905,240.9466,190.74,305.63,851.46,563.31,732.65,521.08,1234.59,192.64,298.8017,186.84,434.85,345.95,101.48,113.2
2025-10-09 19:38:00+00:00,253.71,227.07,345.13,496.13,940.39,241.797,241.0401,190.8,305.76,851.945,563.7,733.22,520.93,1235.22,192.515,298.58,186.79,435.61,345.92,101.55,113.24
2025-10-09 19:40:00+00:00,253.685,227.24,345.365,496.46,940.98,241.773,241.03,190.89,305.93,852.895,563.865,733.11,520.5,1234.29,192.61,298.5318,186.8854,435.0201,346.32,101.555,113.2065
2025-10-09 19:42:00+00:00,253.6801,227.15,345.385,496.4808,940.95,241.73,240.98,190.84,306.08,853.18,563.555,733.4,520.62,1233.64,192.5382,298.51,186.18,434.61,346.36,101.565,113.245
2025-10-09 19:44:00+00:00,253.67,227.275,344.86,496.395,940.87,241.78,241.0242,190.8,305.96,854.22,563.98,732.905,520.82,1233.45,192.53,298.71,186.27,434.8933,346.66,101.53,113.195
2025-10-09 19:46:00+00:00,253.635,227.2089,344.7,496.46,941.1826,241.65,240.8951,190.725,306.085,854.64,563.35,732.4064,521.0,1232.7401,192.63,298.575,186.2,435.1699,346.42,101.585,113.15
2025-10-09 19:48:00+00:00,253.65,227.17,344.84,496.515,940.8701,241.58,240.81,190.57,306.155,854.6,563.475,731.87,520.89,1231.865,192.7199,298.585,186.075,434.99,346.25,101.545,113.045
2025-10-09 19:50:00+00:00,254.08,227.42,344.5365,496.54,941.25,241.71,240.975,190.84,305.78,854.44,563.865,732.6,521.07,1233.78,192.845,298.26,185.92,435.776,346.78,101.585,112.965
2025-10-09 19:52:00+00:00,254.185,227.44,344.15,496.39,941.99,241.78,241.045,190.92,305.6268,854.055,564.225,732.41,521.49,1233.835,192.8301,298.09,185.93,435.3955,346.78,101.715,113.065
2025-10-09 19:54:00+00:00,254.2138,228.1,344.88,496.7,942.175,241.69,240.96,191.06,305.71,854.72,563.37,732.91,521.92,1230.34,192.589,297.53,185.25,436.2,346.61,101.7,112.925
2025-10-09 19:56:00+00:00,253.91,227.685,344.735,496.32,942.695,241.75,240.985,190.96,305.56,854.2675,563.43,733.14,521.98,1230.4,192.2974,296.965,185.4028,435.4504,346.41,101.735,112.885
2025-10-09 19:58:00+00:00,254.03,227.74,345.02,496.72,942.89,242.16,241.53,191.06,305.54,855.11,564.78,733.51,522.24,1231.69,192.54,297.07,185.451,435.53,347.02,101.7682,112.925
2025-10-09 20:00:00+00:00,254.04,227.84,345.2,496.74,942.89,242.19,241.59,191.08,305.53,855.35,567.4,732.0,522.29,1231.07,192.28,297.0,185.27,435.73,347.04,101.52,112.91
2025-10-10 13:30:00+00:00,255.04,227.2512,344.8875,497.44,942.47,242.425,241.765,191.115,306.7,858.0737,568.075,733.84,522.66,1238.3,193.105,298.64,186.4151,437.85,349.075,102.1791,112.0
2025-10-10 13:32:00+00:00,255.32,226.45,343.88,497.11,940.8738,243.1828,242.545,191.84,308.13,858.25,566.97,728.755,522.06,1236.67,192.6332,298.4,185.555,438.08,347.995,102.51,112.21
2025-10-10 13:34:00+00:00,255.04,226.79,344.76,497.655,940.095,243.29,242.66,192.04,309.5325,857.51,567.09,731.72,522.08,1235.8283,192.51,300.165,185.955,442.0501,348.64,102.765,112.095
2025-10-10 13:36:00+00:00,255.949,227.49,344.72,497.73,940.54,244.145,243.49,191.69,309.575,857.09,566.54,732.39,522.1,1240.3,192.5,300.825,185.52,441.27,349.6,103.01,112.38
2025-10-10 13:38:00+00:00,256.0715,227.29,344.95,497.15,939.57,244.49,243.77,191.52,309.74,857.29,566.4,732.23,522.225,1243.52,192.81,298.0084,184.975,439.5901,349.65,102.985,112.365
2025-10-10 13:40:00+00:00,256.2725,227.2654,345.42,497.43,939.21,244.08,243.3255,191.545,309.4799,857.5,567.605,732.0675,521.77,1242.84,192.68,298.9279,185.39,438.32,349.62,102.895,112.59
2025-10-10 13:42:00+00:00,255.77,227.64,345.975,496.86,939.72,244.29,243.58,191.44,309.575,855.975,566.675,732.01,522.106,1240.14,192.99,299.505,185.63,439.82,349.1337,102.99,112.355
2025-10-10 13:44:00+00:00,255.61,228.22,345.99,496.5,939.96,244.73,243.985,191.315,309.85,854.74,567.33,731.8278,523.14,1240.105,193.245,299.73,185.59,440.6701,350.215,102.99,112.425
2025-10-10 13:46:00+00:00,255.73,227.57,346.51,496.49,940.35,244.74,244.0,191.065,310.245,852.855,567.49,732.155,523.42,1240.752,193.315,301.23,186.1304,439.0,349.61,102.9,112.43
2025-10-10 13:48:00+00:00,255.45,227.33,346.32,495.46,940.65,244.3,243.56,190.79,310.01,853.955,567.785,731.5,523.05,1240.775,193.08,300.66,185.53,436.885,349.525,102.9,112.33
2025-10-10 13:50:00+00:00,255.08,226.835,346.47,495.7,939.22,244.11,243.35,190.97,309.29,854.365,567.255,730.315,522.575,1239.53,193.085,301.88,185.692,436.586,348.75,102.77,111.965
2025-10-10 13:52:00+00:00,255.305,227.06,346.835,495.68,939.46,244.055,243.415,191.09,308.601,856.335,567.905,730.39,522.65,1239.61,193.13,303.035,185.3399,437.13,348.945,102.82,112.02
2025-10-10 13:54:00+00:00,255.005,227.1,347.6,495.1499,936.82,244.245,243.645,190.78,308.455,857.5,567.355,731.05,522.11,1240.9,193.48,303.505,185.07,437.81,348.43,102.74,112.0344
2025-10-10 13:56:00+00:00,255.31,227.04,348.7599,495.1816,938.1122,243.87,243.22,190.97,308.6999,859.0,567.87,730.914,522.205,1241.545,194.017,303.19,185.23,436.93,348.6,102.945,112.12
2025-10-10 13:58:00+00:00,255.46,227.025,349.23,494.14,938.995,244.11,243.47,190.7,308.5,858.77,567.96,731.0,522.555,1244.29,194.11,303.85,184.885,437.8,348.44,103.12,112.005
2025-10-10 14:00:00+00:00,255.6,226.41,347.545,494.865,939.57,243.39,242.86,190.8,308.78,860.1,567.74,731.49,521.92,1243.28,193.88,302.68,184.45,437.5922,348.34,103.2999,111.94
2025-10-10 14:02:00+00:00,255.445,226.4963,348.36,494.83,936.775,243.05,242.5,191.135,308.785,862.93,567.645,731.735,521.67,1244.04,194.02,302.805,185.09,437.985,348.6584,103.082,111.88
2025-10-10 14:04:00+00:00,255.0599,226.73,350.25,494.45,935.538,243.1875,242.66,191.4,309.02,860.6401,567.59,732.757,521.78,1244.465,194.24,303.2456,184.9,436.98,348.13,102.96,111.7001
2025-10-10 14:06:00+00:00,255.4,226.965,350.145,495.02,936.49,243.61,243.03,191.252,309.02,863.45,568.8,733.06,522.2,1247.0,194.16,303.685,185.11,437.66,348.36,103.18,111.79
2025-10-10 14:08:00+00:00,255.54,226.807,349.65,495.49,937.9413,243.26,242.67,191.205,309.31,861.49,567.81,733.22,522.15,1243.97,194.31,302.78,185.201,436.786,348.68,103.25,111.805
2025-10-10 14:10:00+00:00,255.915,226.7088,347.855,495.26,937.16,242.93,242.36,191.55,308.76,862.64,567.01,732.81,522.65,1244.645,194.835,300.595,185.84,437.1,348.27,103.04,111.69
2025-10-10 14:12:00+00:00,255.32,226.37,349.105,494.75,937.58,242.73,242.12,191.55,308.405,863.29,566.72,731.76,521.9519,1245.5863,195.0201,301.535,185.8251,434.62,348.32,103.02,111.875
2025-10-10 14:14:00+00:00,254.89,226.175,348.73,494.725,938.11,242.8,242.21,191.565,308.54,863.255,566.97,732.195,521.945,1244.15,194.695,302.63,185.5225,434.5201,348.5,102.94,111.745
2025-10-10 14:16:00+00:00,255.08,226.01,347.13,494.62,939.255,242.75,242.14,191.27,307.63,861.57,566.985,732.35,522.0946,1243.99,194.631,302.4,185.1,434.6587,348.68,102.84,111.61
2025-10-10 14:18:00+00:00,255.12,226.32,347.63,494.735,939.155,242.7536,242.155,191.04,308.3,860.865,567.51,732.155,521.6936,1243.985,194.72,302.48,185.4,435.93,349.24,102.81,111.74
2025-10-10 14:20:00+00:00,255.22,226.53,347.62,494.96,939.015,242.8916,242.24,191.19,308.84,860.32,567.93,732.97,521.7,1244.84,194.91,303.12,185.93,436.955,349.34,102.725,111.7
2025-10-10 14:22:00+00:00,255.42,226.4,348.11,494.83,939.455,242.94,242.29,191.1,309.04,860.885,567.88,733.24,521.4351,1245.01,194.766,303.11,185.865,436.87,349.23,102.785,111.79
2025-10-10 14:24:00+00:00,255.62,226.3705,347.62,494.96,938.2201,243.22,242.575,191.025,309.185,861.915,568.79,733.43,521.23,1244.81,194.775,303.28,185.92,436.6901,349.85,102.7996,111.85
2025-10-10 14:26:00+00:00,255.485,226.34,347.35,494.925,938.14,243.42,242.73,191.06,309.71,859.33,569.39,732.505,521.26,1244.35,194.9686,303.0875,186.1099,436.22,349.695,102.59,111.845
2025-10-10 14:28:00+00:00,255.0206,226.5363,347.0,494.58,938.78,243.385,242.73,190.92,309.525,859.31,568.47,732.2,521.34,1243.25,195.25,302.6401,185.711,437.05,349.15,102.6001,111.82
2025-10-10 14:30:00+00:00,255.14,226.425,347.505,494.345,938.84,243.66,242.9727,190.915,309.735,858.83,567.73,730.885,521.07,1245.025,195.3501,303.41,185.96,437.0895,348.94,102.6638,111.78
2025-10-10 14:32:00+00:00,255.13,226.51,348.115,494.15,937.005,243.7,242.99,190.935,309.8101,859.94,566.98,730.35,520.91,1245.0,195.246,305.325,185.97,437.0901,348.38,102.49,111.77
2025-10-10 14:34:00+00:00,255.15,226.535,347.43,494.535,937.1375,243.62,242.91,190.94,309.78,860.7031,567.28,729.85,520.945,1245.195,195.11,305.05,185.58,437.9899,348.47,102.61,111.83
2025-10-10 14:36:00+00:00,255.11,226.67,348.0805,494.58,936.96,243.458,242.745,190.88,309.71,861.28,567.11,729.5,520.95,1245.02,195.32,304.69,185.535,438.415,348.43,102.41,112.03
2025-10-10 14:38:00+00:00,255.12,226.62,347.26,494.34,937.025,243.2,242.52,191.07,309.4701,861.635,567.08,730.395,520.72,1243.605,195.215,305.025,185.38,438.6401,348.32,102.53,112.0
2025-10-10 14:40:00+00:00,255.168,226.76,346.3776,494.2284,936.745,243.18,242.45,190.69,309.15,861.175,566.99,730.295,520.795,1241.88,195.23,304.88,184.8725,438.405,348.11,102.495,111.99
2025-10-10 14:42:00+00:00,255.19,226.919,347.2325,494.3984,936.77,243.23,242.5,190.8,308.79,861.0,566.8,730.71,520.77,1242.0,195.285,305.4263,185.035,438.08,347.6586,102.5,111.9491
2025-10-10 14:44:00+00:00,255.1569,226.88,347.6,494.845,937.5,243.635,242.89,190.99,308.95,861.36,567.95,731.6896,521.07,1243.0,195.35,306.14,185.0301,439.43,348.48,102.54,112.06
2025-10-10 14:46:00+00:00,255.18,227.115,348.01,494.9953,938.2283,243.675,242.9101,190.91,309.28,860.675,567.5648,731.43,521.16,1242.0,195.38,306.27,185.243,439.172,348.48,102.545,112.02
2025-10-10 14:48:00+00:00,255.26,227.28,346.9,494.9,938.54,243.52,242.768,191.245,309.03,861.41,567.41,731.77,521.2535,1242.88,195.51,306.72,185.41,439.853,348.455,102.615,112.08
2025-10-10 14:50:00+00:00,255.108,227.27,346.52,494.73,939.1626,243.555,242.7946,191.19,309.1,861.41,567.75,731.355,521.23,1244.5334,195.35,306.46,185.54,440.02,348.654,102.62,112.125
2025-10-10 14:52:00+00:00,254.955,226.925,346.44,494.67,939.8,243.26,242.52,191.415,309.63,860.9,567.39,730.52,521.2989,1244.05,195.205,306.28,185.12,438.544,348.76,102.79,112.27
2025-10-10 14:54:00+00:00,254.71,227.1076,346.585,494.8386,940.04,243.325,242.6068,191.39,309.33,860.74,567.25,730.67,521.245,1245.03,195.465,306.39,185.4336,439.75,348.885,102.83,112.37
2025-10-10 14:56:00+00:00,253.91,226.26,345.68,493.55,938.63,242.95,242.245,191.095,308.42,859.5,566.28,728.46,520.1,1244.8245,194.7274,306.3,184.69,436.7301,348.03,102.78,112.18
2025-10-10 14:58:00+00:00,253.17,225.28,344.68,493.32,937.805,242.665,241.97,190.63,306.7601,857.435,565.4251,725.65,519.41,1241.86,194.1512,304.3377,183.868,434.945,347.08,102.51,111.9371
2025-10-10 15:00:00+00:00,252.16,223.31,342.065,492.57,937.585,241.67,240.87,190.685,306.66,855.96,563.91,720.22,517.225,1240.41,193.06,302.45,183.01,430.56,346.29,102.365,111.77
2025-10-10 15:02:00+00:00,251.82,223.38,341.06,492.585,938.67,241.77,241.04,191.01,307.065,855.0,564.25,718.74,518.0,1241.735,192.56,302.95,183.235,430.4301,346.35,102.57,111.84
2025-10-10 15:04:00+00:00,251.63,223.07,340.725,492.46,938.835,241.62,240.92,191.23,307.8,855.33,563.62,720.1619,518.364,1242.98,192.4999,303.38,183.565,430.71,346.195,102.58,111.729
2025-10-10 15:06:00+00:00,250.69,223.13,341.475,492.5,937.685,241.1,240.32,191.195,308.03,854.61,562.1318,719.37,517.03,1242.635,192.6003,303.78,183.75,431.71,345.755,102.6,111.95
2025-10-10 15:08:00+00:00,250.31,222.67,340.3301,492.69,936.44,241.11,240.31,191.175,307.459,852.11,562.3,718.97,516.43,1240.07,191.9,301.24,182.9395,429.945,345.92,102.58,112.01
2025-10-10 15:10:00+00:00,251.44,223.35,340.87,493.01,936.89,241.62,240.81,191.2517,308.28,854.75,563.29,720.6808,517.71,1240.72,192.4174,301.997,183.28,431.727,347.16,102.715,112.13
2025-10-10 15:12:00+00:00,251.75,223.4514,341.765,493.95,938.515,241.71,240.91,191.44,308.915,855.92,564.15,721.4025,518.865,1242.74,192.4151,302.455,183.7001,431.14,347.56,102.8022,112.325
2025-10-10 15:14:00+00:00,251.205,223.382,340.88,494.04,940.03,242.16,241.3814,191.705,309.21,855.96,564.825,721.17,518.675,1243.13,192.29,301.6875,183.33,430.6,347.71,102.91,112.43
2025-10-10 15:16:00+00:00,250.63,222.2696,338.55,494.1,939.446,241.965,241.145,191.725,309.08,855.54,564.425,719.165,518.29,1241.0,191.19,300.0,182.1228,427.725,347.94,103.1151,112.32
2025-10-10 15:18:00+00:00,250.32,221.7109,337.15,493.5,941.28,241.52,240.7,191.71,308.29,855.0,564.1,717.08,517.99,1241.6,190.43,299.005,181.3,426.0601,347.83,103.49,112.1
2025-10-10 15:20:00+00:00,249.185,220.9659,335.01,493.35,940.93,240.75,239.97,191.875,307.38,852.845,564.01,715.46,517.22,1240.3675,189.089,297.9072,180.28,424.3801,347.29,103.36,112.05
2025-10-10 15:22:00+00:00,249.3901,220.17,336.01,493.25,941.82,240.3783,239.5576,191.73,307.1,851.1075,563.4239,715.2,517.2,1240.055,189.27,297.58,180.25,423.37,347.265,103.45,112.06
2025-10-10 15:24:00+00:00,249.205,219.5351,335.1,493.06,940.15,239.2175,238.44,191.42,306.75,848.3785,562.68,713.2345,516.435,1235.78,188.483,296.3195,179.7914,424.098,346.61,102.493,111.91
2025-10-10 15:26:00+00:00,250.03,220.55,336.7,492.825,940.06,239.55,238.85,191.59,306.8725,850.5,563.355,715.24,517.39,1240.1429,189.17,298.37,180.62,424.52,347.22,102.545,112.09
2025-10-10 15:28:00+00:00,249.12,220.2714,335.3624,492.6464,939.96,239.0,238.3,191.32,305.79,848.5001,562.485,713.625,516.555,1235.75,188.8316,297.8237,180.04,424.59,346.915,102.66,112.045
2025-10-10 15:30:00+00:00,248.99,219.9608,334.29,492.82,941.89,238.535,237.72,191.63,305.39,846.6,562.575,712.9183,516.7,1232.63,188.2,296.21,178.6731,420.305,346.81,102.9,112.02
2025-10-10 15:32:00+00:00,248.555,219.2,332.55,492.6662,941.93,238.13,237.3488,191.69,304.295,846.8198,562.5,710.28,515.44,1234.5,186.942,293.4625,177.62,417.4111,346.39,102.92,111.99
2025-10-10 15:34:00+00:00,249.235,219.71,334.0837,491.88,938.7,238.65,237.8105,191.54,304.92,846.725,562.1,711.435,516.285,1234.46,187.705,294.8201,178.5401,419.07,346.66,102.825,111.89
2025-10-10 15:36:00+00:00,249.17,220.085,335.16,491.61,935.996,238.975,238.17,191.49,305.11,847.47,561.69,711.98,515.9801,1234.51,188.595,295.74,179.72,421.28,346.6727,102.535,111.925
2025-10-10 15:38:00+00:00,248.74,219.5616,333.9,490.42,935.335,238.0,237.21,191.83,304.2476,850.2,561.475,711.6876,515.03,1230.0901,188.09,294.99,179.13,420.27,346.0,102.65,111.78
2025-10-10 15:40:00+00:00,248.96,219.475,334.4443,490.78,935.05,238.18,237.405,191.44,304.16,849.12,561.11,711.8931,514.79,1232.715,188.8,295.24,179.68,420.75,345.92,102.435,111.75
2025-10-10 15:42:00+00:00,249.14,220.255,334.985,491.125,934.07,238.82,238.03,191.29,304.5,848.225,561.76,713.05,515.46,1235.61,189.12,296.8992,180.45,423.455,346.355,102.41,111.775
2025-10-10 15:44:00+00:00,249.675,221.06,336.94,491.4,934.075,239.79,239.04,191.05,304.881,848.8,562.37,715.8261,516.98,1238.44,189.61,298.425,181.0,424.79,346.71,102.52,111.885
2025-10-10 15:46:00+00:00,249.46,220.67,335.6,491.34,933.336,239.29,238.5949,191.115,304.84,850.13,562.285,714.29,516.3917,1237.41,189.295,296.61,180.81,423.215,346.1928,102.575,111.78
2025-10-10 15:48:00+00:00,249.44,221.06,336.1,491.71,934.49,239.3964,238.6074,191.29,305.21,849.4,562.41,715.35,516.9101,1239.48,189.28,297.46,181.16,424.0329,346.54,102.89,111.865
2025-10-10 15:50:00+00:00,249.36,221.25,337.025,491.82,935.1,239.44,238.7,191.305,305.46,848.52,561.75,716.32,517.76,1241.4,189.875,298.63,181.806,425.565,346.135,102.93,111.96
2025-10-10 15:52:00+00:00,249.445,221.265,336.9499,491.62,934.77,239.625,238.885,191.05,305.375,847.7,561.9,715.97,517.37,1241.13,189.745,298.4671,181.8,425.6999,346.0,103.03,112.0
2025-10-10 15:54:00+00:00,249.13,220.91,336.59,491.5,934.93,239.39,238.69,191.04,304.42,846.0789,560.97,715.97,516.82,1238.41,189.475,297.34,181.425,424.78,345.9,102.895,111.79
2025-10-10 15:56:00+00:00,248.6309,220.74,335.695,491.575,934.01,239.35,238.6509,191.07,303.54,846.375,560.94,714.825,516.01,1236.905,188.79,296.7632,180.7001,422.91,345.68,102.78,111.665
2025-10-10 15:58:00+00:00,248.79,221.09,336.32,491.66,934.79,239.6,238.89,191.06,303.83,848.235,560.9556,715.2,516.33,1239.335,189.52,296.53,181.38,424.78,345.635,102.91,111.57
2025-10-10 16:00:00+00:00,248.3515,220.73,335.5862,490.99,934.68,239.12,238.34,191.08,303.56,847.3,560.55,714.03,515.7739,1238.1,189.17,295.675,181.11,423.81,345.25,102.8,111.555
2025-10-10 16:02:00+00:00,247.98,220.6395,335.19,490.78,935.32,238.885,238.1498,191.1,303.19,846.92,560.27,714.44,515.5403,1237.84,189.08,295.5456,180.68,421.4701,344.89,102.8154,111.35
2025-10-10 16:04:00+00:00,248.31,220.865,335.7915,490.9891,934.5,239.37,238.6,191.23,303.47,847.41,560.23,716.0,516.57,1239.72,189.67,296.85,181.4755,423.26,344.88,102.81,111.57
2025-10-10 16:06:00+00:00,248.4,220.49,335.03,490.98,933.91,239.14,238.36,191.26,303.19,846.35,559.79,714.99,515.835,1241.084,189.48,296.255,180.855,421.825,344.62,102.745,111.4684
2025-10-10 16:08:00+00:00,248.53,220.59,335.09,491.4167,934.06,239.105,238.3,191.35,303.495,846.38,560.61,715.5,515.94,1241.47,189.64,296.06,180.95,422.6301,345.2151,102.7912,111.525
2025-10-10 16:10:00+00:00,248.8525,220.4636,334.969,491.705,933.51,239.19,238.4056,191.49,304.03,846.14,561.41,715.1,516.23,1243.53,189.7463,296.62,181.335,423.445,345.385,102.89,111.71
2025-10-10 16:12:00+00:00,248.865,220.575,335.01,491.94,934.84,238.98,238.19,191.44,303.8325,846.635,561.79,715.6062,515.825,1242.905,189.639,296.9,181.375,423.216,345.51,102.85,111.77
2025-10-10 16:14:00+00:00,248.88,220.34,334.72,492.1999,934.25,239.36,238.54,191.34,303.47,846.36,561.69,716.7948,515.96,1245.04,189.48,297.25,181.56,423.4,345.49,102.825,111.82
2025-10-10 16:16:00+00:00,248.541,219.83,333.55,491.95,933.02,239.02,238.18,191.55,303.205,844.73,561.73,714.6725,515.47,1242.401,188.9,296.1501,180.81,420.79,345.375,102.785,111.7486
2025-10-10 16:18:00+00:00,248.52,220.115,333.89,492.1,933.0,239.1884,238.37,191.51,303.51,845.2,561.56,715.01,515.45,1243.0179,188.95,296.7818,181.0201,421.3599,345.525,102.79,111.8699
2025-10-10 16:20:00+00:00,248.54,219.98,334.59,491.975,932.55,239.36,238.4801,191.385,303.6,846.61,561.335,715.05,515.6014,1241.99,189.045,297.135,181.1905,421.65,345.49,102.7512,111.78
2025-10-10 16:22:00+00:00,248.69,220.75,335.1046,491.9413,934.0199,239.81,238.96,191.31,304.07,847.235,561.7575,716.425,516.2751,1243.025,189.68,298.4401,182.0399,423.24,345.82,102.86,111.83
2025-10-10 16:24:00+00:00,248.625,220.21,334.74,491.6831,934.0,239.5,238.6638,191.15,303.71,846.64,561.05,716.02,515.755,1241.0,189.35,298.28,181.8661,422.4925,345.415,102.8995,111.79
2025-10-10 16:26:00+00:00,248.71,220.41,334.784,491.875,934.2932,239.62,238.7279,191.34,303.93,847.69,561.13,716.96,515.97,1241.57,189.412,298.33,181.8894,422.665,345.38,102.9,111.78
2025-10-10 16:28:00+00:00,248.61,220.16,334.49,491.43,934.0,239.4372,238.6,191.3,303.75,847.22,560.78,716.265,515.69,1239.77,189.15,297.525,181.6,421.535,345.385,102.875,111.875
2025-10-10 16:30:00+00:00,248.9199,220.485,334.94,492.16,934.43,239.71,238.86,191.285,304.34,848.31,561.41,716.6367,516.01,1241.455,189.46,297.867,181.69,421.9,345.74,103.04,112.02
2025-10-10 16:32:00+00:00,248.6978,220.48,334.853,492.36,934.565,239.6,238.75,191.3101,304.39,848.44,561.14,716.705,516.186,1241.625,189.43,298.1,181.7794,421.871,345.6925,103.04,112.1
2025-10-10 16:34:00+00:00,248.4,219.95,333.6,491.755,934.1387,239.0286,238.14,191.41,304.22,844.395,560.9151,715.09,515.09,1239.25,189.1,297.08,181.27,420.55,345.38,103.1,111.84
2025-10-10 16:36:00+00:00,248.545,219.92,333.81,492.11,934.58,239.06,238.19,191.44,304.265,843.39,561.24,715.875,515.47,1239.75,189.29,297.38,181.0601,420.605,345.4101,103.09,111.92
2025-10-10 16:38:00+00:00,248.4999,219.84,334.1149,492.3,934.65,239.1325,238.25,191.405,304.225,841.15,561.09,715.515,515.49,1238.48,189.38,297.49,181.1,420.37,345.69,103.13,111.9358
2025-10-10 16:40:00+00:00,248.51,219.7532,333.98,492.32,935.06,239.11,238.314,191.49,304.085,843.1,561.39,715.015,515.41,1237.775,189.335,297.17,181.07,420.095,345.81,103.2,111.94
2025-10-10 16:42:00+00:00,248.0312,219.3,332.9057,492.13,935.32,238.635,237.78,191.58,303.61,842.81,561.15,713.88,514.6199,1237.39,188.5,296.4267,180.42,419.0004,345.51,103.13,111.8171
2025-10-10 16:44:00+00:00,248.12,219.27,333.0,492.09,934.345,238.666,237.795,191.5994,303.83,841.025,561.19,714.17,514.875,1238.2,188.49,296.415,180.48,419.7653,345.47,102.95,111.84
2025-10-10 16:46:00+00:00,248.13,219.09,332.55,492.105,934.71,238.53,237.66,191.4906,303.705,841.78,561.11,713.06,515.09,1238.56,188.04,296.11,180.565,419.5264,345.6125,102.86,111.685
2025-10-10 16:48:00+00:00,247.82,218.76,332.095,491.98,934.39,238.385,237.53,191.41,303.53,838.77,560.76,712.385,514.66,1237.395,187.6601,294.99,180.09,419.165,345.0,102.8795,111.66
2025-10-10 16:50:00+00:00,247.6,218.6,331.285,491.64,934.995,238.405,237.53,191.425,303.75,838.39,560.6,710.725,514.4783,1237.21,187.55,295.15,180.03,417.88,344.91,102.9116,111.6616
2025-10-10 16:52:00+00:00,247.365,218.29,331.21,491.43,934.685,238.25,237.38,191.2651,303.29,838.71,560.27,710.45,514.26,1237.465,187.6101,295.185,179.6,417.7791,344.81,102.86,111.635
2025-10-10 16:54:00+00:00,247.825,218.53,331.64,491.76,935.85,238.4,237.53,191.335,303.64,838.78,559.84,710.96,514.55,1236.0,187.8541,295.577,179.635,418.745,344.83,102.9,111.675
2025-10-10 16:56:00+00:00,247.55,218.29,331.51,492.0641,935.33,238.26,237.39,191.38,303.73,839.3062,559.97,711.16,514.25,1232.9251,187.716,295.67,179.16,418.16,345.05,102.92,111.72
2025-10-10 16:58:00+00:00,247.49,218.27,331.26,492.105,935.58,238.17,237.31,191.31,303.41,840.44,560.005,710.87,514.3488,1231.92,187.52,294.725,179.1246,418.505,345.185,102.915,111.7487
2025-10-10 17:00:00+00:00,247.24,218.08,330.76,492.11,934.605,238.19,237.3741,191.435,303.27,841.4525,560.165,710.3825,514.174,1230.825,187.33,294.1401,179.19,417.538,345.12,102.9,111.7515
2025-10-10 17:02:00+00:00,247.28,217.995,330.285,491.67,935.19,237.845,236.95,191.42,302.89,841.38,559.36,710.07,513.725,1230.475,186.9699,293.2861,178.695,416.74,345.0,102.8,111.67
2025-10-10 17:04:00+00:00,247.253,217.97,330.15,491.7699,935.57,237.9,237.04,191.405,302.7,839.51,559.16,709.785,513.905,1230.995,186.934,292.95,178.62,415.64,344.935,102.735,111.63
2025-10-10 17:06:00+00:00,247.26,217.92,330.69,491.49,935.815,237.94,237.09,191.43,302.94,839.665,559.29,709.71,513.99,1231.14,186.94,293.01,178.56,415.64,344.935,102.73,111.64
2025-10-10 17:08:00+00:00,247.265,217.78,330.425,491.49,935.815,238.17,237.15,191.45,302.78,839.665,559.035,709.8,514.11,1233.35,187.02,292.51,178.96,416.04,344.79,102.84,111.57
2025-10-10 17:10:00+00:00,247.315,217.77,330.12,491.97,935.815,238.075,237.19,191.55,303.01,839.665,559.035,709.55,513.57,1232.32,186.82,292.9,178.29,416.47,344.97,102.79,111.565
2025-10-10 17:12:00+00:00,247.55,218.21,330.3,491.97,935.92,238.67,237.89,191.38,303.05,839.92,560.13,711.26,514.445,1234.63,187.4,294.5,179.13,418.45,345.15,102.71,111.6
2025-10-10 17:14:00+00:00,247.185,217.885,330.12,491.97,935.475,238.19,237.335,191.34,303.22,839.92,560.13,709.745,513.895,1233.705,187.07,294.25,178.74,417.13,345.42,102.59,111.525
2025-10-10 17:16:00+00:00,247.365,218.1,330.86,491.98,935.475,238.35,237.46,191.16,303.05,839.12,560.13,709.65,514.29,1233.46,187.3,294.29,179.175,417.4,345.32,102.65,111.52
2025-10-10 17:18:00+00:00,247.5,218.44,330.885,491.98,935.475,238.56,237.68,191.24,303.37,839.77,560.13,710.655,514.405,1232.75,187.695,294.73,179.33,418.2,345.655,102.61,111.48
2025-10-10 17:20:00+00:00,247.33,218.415,330.97,491.98,935.63,238.46,237.55,191.19,303.49,839.77,560.13,710.55,514.32,1230.975,187.64,294.68,179.09,418.3,345.45,102.56,111.47
2025-10-10 17:22:00+00:00,247.445,218.565,330.9,491.98,935.63,238.36,237.655,191.09,303.56,839.77,559.365,710.86,513.565,1229.0,187.63,294.62,179.35,417.63,345.45,102.535,111.5
2025-10-10 17:24:00+00:00,247.75,218.9,332.01,491.98,935.63,238.87,238.04,191.12,303.83,839.77,559.6,711.32,514.11,1229.47,188.0,295.79,179.77,418.695,345.31,102.47,111.46
2025-10-10 17:26:00+00:00,247.795,218.68,331.975,491.98,935.63,238.85,238.03,191.02,303.505,839.89,559.92,710.96,513.9,1229.47,187.89,295.72,179.685,418.69,345.62,102.39,111.34
2025-10-10 17:28:00+00:00,247.76,218.83,332.23,491.98,935.63,239.37,238.34,191.12,303.655,839.27,559.915,711.21,514.085,1228.34,188.04,296.32,179.945,419.56,345.52,102.43,111.41
2025-10-10 17:30:00+00:00,247.79,218.985,332.635,491.98,935.63,239.43,238.61,191.05,303.765,839.455,559.405,711.84,514.515,1230.1,188.16,296.76,180.03,419.53,345.71,102.36,111.37
2025-10-10 17:32:00+00:00,247.885,218.86,332.635,491.925,935.63,239.34,238.465,191.03,303.495,839.06,559.44,712.015,514.23,1229.4,188.16,297.12,179.975,419.15,345.57,102.3,111.32
2025-10-10 17:34:00+00:00,247.86,219.18,332.7,491.925,936.225,239.45,238.55,191.255,303.84,838.65,559.31,712.7,514.44,1230.75,188.21,297.595,179.84,419.52,345.43,102.35,111.46
2025-10-10 17:36:00+00:00,248.12,219.26,333.24,491.925,936.225,239.645,238.71,191.24,304.15,838.82,559.31,713.23,514.67,1230.93,188.33,298.03,180.15,419.96,345.43,102.23,111.61
2025-10-10 17:38:00+00:00,248.155,219.25,332.51,491.925,936.225,239.68,238.79,191.24,304.54,838.82,559.74,713.505,514.86,1232.46,188.225,298.62,180.32,419.53,345.56,102.2,111.7
2025-10-10 17:40:00+00:00,247.93,219.29,331.665,491.925,936.225,239.6,238.72,191.24,304.26,835.77,559.97,713.46,514.47,1232.37,187.97,297.875,180.03,418.99,345.44,102.115,111.72
2025-10-10 17:42:00+00:00,248.135,219.485,331.945,491.925,936.225,240.025,239.04,191.15,304.56,835.71,559.81,713.92,514.885,1232.37,188.29,298.43,179.95,419.88,345.58,102.16,111.73
2025-10-10 17:44:00+00:00,248.33,219.335,331.68,491.925,936.225,239.89,238.99,190.96,304.17,835.78,559.87,713.73,514.51,1233.51,188.085,297.98,179.62,419.29,345.74,102.17,111.7
2025-10-10 17:46:00+00:00,248.26,219.29,331.5,491.925,936.225,239.8,238.86,190.89,303.935,834.86,559.24,712.78,514.12,1229.5,188.025,297.98,179.52,419.32,345.4,101.97,111.63
2025-10-10 17:48:00+00:00,248.45,219.105,330.91,491.925,936.225,239.4,238.65,190.67,303.82,832.89,558.86,712.19,513.815,1227.74,187.835,297.32,179.115,418.455,344.95,101.935,111.61
2025-10-10 17:50:00+00:00,248.295,219.17,331.21,492.13,933.35,239.63,238.69,190.58,303.93,835.84,559.0,712.29,514.37,1227.74,188.16,297.47,179.25,418.45,345.16,101.89,111.72
2025-10-10 17:52:00+00:00,248.12,218.86,330.66,492.32,933.35,239.39,238.41,190.76,303.925,835.84,558.87,712.29,513.84,1228.49,187.97,296.56,178.945,418.18,344.97,101.92,111.64
2025-10-10 17:54:00+00:00,248.2,218.845,330.55,492.16,932.97,239.51,238.6,190.765,303.65,835.48,558.87,711.94,513.855,1228.49,187.88,296.42,178.78,417.83,344.97,101.9,111.69
2025-10-10 17:56:00+00:00,248.23,218.86,330.28,492.16,933.74,239.72,238.775,191.03,303.8,835.48,559.145,711.66,513.955,1228.49,187.73,296.0,178.81,417.97,344.97,101.99,111.66
2025-10-10 17:58:00+00:00,247.83,218.76,329.87,492.365,933.74,239.665,238.6,191.08,303.78,835.48,559.145,711.95,513.935,1226.6,187.55,295.91,178.325,417.77,345.42,102.005,111.7
2025-10-10 18:00:00+00:00,247.96,218.91,330.045,492.65,933.74,239.88,238.925,191.08,303.87,835.48,559.53,712.595,514.34,1227.02,187.69,295.9,178.52,418.46,345.68,102.105,111.71
2025-10-10 18:02:00+00:00,247.63,218.86,329.54,492.65,933.74,239.655,238.75,191.215,303.435,835.48,559.53,711.79,514.1,1227.02,187.26,295.75,178.21,417.88,345.51,102.05,111.65
2025-10-10 18:04:00+00:00,247.56,218.88,329.3,492.65,936.01,239.71,238.75,191.145,303.54,837.5,559.09,711.89,514.25,1227.02,187.2,295.77,178.37,417.61,345.67,101.87,111.56
2025-10-10 18:06:00+00:00,247.44,218.86,330.01,492.65,936.03,239.765,238.75,191.09,303.55,837.5,559.09,711.635,514.69,1226.99,187.1,296.165,178.33,417.74,345.54,101.8,111.55
2025-10-10 18:08:00+00:00,247.61,219.13,330.2,491.62,935.98,239.855,239.05,191.12,303.4,837.5,559.05,711.635,515.0,1227.4,187.47,295.8,178.3,418.44,345.52,101.86,111.58
2025-10-10 18:10:00+00:00,247.5,218.95,329.675,491.62,936.92,239.78,238.92,190.75,303.4,836.41,559.05,711.155,514.87,1227.4,187.275,295.755,177.97,418.42,345.48,101.88,111.59
2025-10-10 18:12:00+00:00,247.41,218.95,329.445,491.62,936.92,239.79,238.85,190.67,303.43,836.41,559.175,711.84,514.74,1228.5,187.18,295.19,177.94,418.37,345.84,102.01,111.62
2025-10-10 18:14:00+00:00,247.63,219.2,329.935,491.62,936.92,240.05,238.99,190.67,303.63,835.38,559.175,709.715,514.74,1228.41,187.41,295.065,178.23,418.38,346.06,102.12,111.72
2025-10-10 18:16:00+00:00,247.575,219.49,330.435,491.62,936.92,240.3,239.36,190.61,303.8,834.98,559.175,710.33,515.42,1228.41,187.74,296.71,178.7,419.04,346.27,102.08,111.72
2025-10-10 18:18:00+00:00,247.51,219.195,330.49,492.38,936.255,240.27,239.09,190.4,303.8,834.98,559.175,710.91,515.11,1228.41,187.6,296.65,178.86,418.7,346.24,102.05,111.73
2025-10-10 18:20:00+00:00,247.25,219.11,330.61,492.38,936.255,239.84,238.965,190.37,303.315,834.84,559.175,710.4,514.59,1228.41,187.41,296.3,178.6,418.01,346.02,102.02,111.7
2025-10-10 18:22:00+00:00,247.425,219.41,330.915,492.38,935.73,240.34,239.33,190.285,303.57,834.84,559.4,711.595,515.4,1228.41,187.8,296.87,178.96,418.85,346.35,101.97,111.695
2025-10-10 18:24:00+00:00,247.41,219.35,330.57,492.38,937.09,240.48,239.42,190.24,303.62,834.84,559.4,712.05,515.465,1227.95,187.92,296.925,179.17,418.915,346.1,101.98,111.71
2025-10-10 18:26:00+00:00,247.475,219.33,330.83,492.12,937.09,240.37,239.37,190.22,303.84,834.84,559.08,712.55,515.77,1226.2,188.14,296.94,179.2,419.29,346.06,102.01,111.74
2025-10-10 18:28:00+00:00,247.31,219.18,330.625,492.09,937.09,240.31,239.28,190.24,303.67,834.84,559.08,712.04,515.85,1226.2,188.025,296.67,179.08,419.6,345.89,101.995,111.74
2025-10-10 18:30:00+00:00,247.16,218.64,330.19,491.635,936.04,239.95,238.95,190.24,303.63,834.84,559.175,711.105,515.04,1226.75,187.73,296.23,178.71,418.93,345.85,102.0,111.68
2025-10-10 18:32:00+00:00,246.83,218.655,330.3,491.52,935.575,240.02,238.97,190.18,303.54,834.84,558.99,711.69,515.44,1226.99,187.675,296.595,178.39,418.945,345.68,101.89,111.66
2025-10-10 18:34:00+00:00,246.85,218.79,330.54,491.52,935.575,239.91,238.9,190.145,303.7,834.84,558.99,712.36,515.355,1226.99,187.75,297.13,178.75,419.11,345.57,101.83,111.63
2025-10-10 18:36:00+00:00,246.55,218.65,330.04,491.37,935.575,239.62,238.58,190.15,303.445,834.92,558.99,711.92,514.94,1225.29,187.465,296.9,178.22,418.31,345.565,101.69,111.62
2025-10-10 18:38:00+00:00,246.7,218.67,330.23,491.37,935.575,239.6,238.56,190.23,303.575,834.92,559.04,711.895,515.395,1226.28,187.345,296.67,178.325,418.15,345.565,101.73,111.63
2025-10-10 18:40:00+00:00,246.57,218.56,330.05,491.24,935.3,239.47,238.44,190.35,303.59,835.815,559.465,711.8,515.37,1225.76,187.38,296.81,178.34,418.29,345.79,101.685,111.61
2025-10-10 18:42:00+00:00,246.43,218.56,330.415,491.24,935.3,239.43,238.45,190.19,303.33,835.815,559.465,711.43,515.31,1224.9,187.47,297.07,178.47,418.685,345.355,101.6,111.57
2025-10-10 18:44:00+00:00,246.25,218.525,330.16,491.24,934.73,239.46,238.5,190.17,303.18,835.815,559.465,711.49,515.07,1226.5,187.5,296.94,178.335,418.82,345.34,101.56,111.54
2025-10-10 18:46:00+00:00,246.46,218.535,330.31,491.24,935.18,239.41,238.42,190.14,302.995,835.815,559.465,711.09,515.34,1226.5,187.44,296.75,178.38,418.4,345.34,101.57,111.47
2025-10-10 18:48:00+00:00,246.405,218.59,330.0,491.24,935.18,239.5,238.33,190.15,303.06,834.765,559.42,711.09,515.28,1226.5,187.26,296.39,178.15,417.755,345.315,101.605,111.435
2025-10-10 18:50:00+00:00,246.225,218.525,329.865,490.875,935.18,239.05,238.08,190.26,302.98,834.765,559.295,710.92,514.715,1227.14,186.99,295.63,178.0,417.17,345.27,101.64,111.46
2025-10-10 18:52:00+00:00,246.11,218.32,329.615,490.54,933.37,238.775,237.82,190.22,303.06,834.765,559.31,710.67,514.77,1225.29,187.03,295.66,178.16,416.72,345.27,101.61,111.47
2025-10-10 18:54:00+00:00,245.895,218.02,328.995,490.29,933.42,238.725,237.74,190.255,302.78,834.765,559.065,710.67,514.345,1223.8,186.75,294.94,177.63,415.98,345.19,101.63,111.39
2025-10-10 18:56:00+00:00,246.2,218.19,328.885,490.37,933.4,239.15,238.13,190.22,302.95,833.31,559.08,710.45,514.445,1224.28,186.85,295.04,177.68,417.3,345.23,101.67,111.42
2025-10-10 18:58:00+00:00,245.93,218.03,328.39,490.24,933.42,239.215,238.195,190.225,302.855,833.31,559.655,710.73,514.08,1223.71,186.85,295.01,177.69,416.26,345.23,101.665,111.38
2025-10-10 19:00:00+00:00,246.0,218.255,328.41,490.165,933.42,239.21,238.175,190.33,302.9,833.31,558.95,711.55,514.53,1224.64,186.98,295.275,177.46,416.86,345.16,101.665,111.4
2025-10-10 19:02:00+00:00,246.24,218.5,328.66,490.25,933.39,239.34,238.38,190.36,302.9,832.785,559.335,712.21,514.605,1226.95,187.125,295.67,177.63,417.82,345.3,101.71,111.41
2025-10-10 19:04:00+00:00,246.14,218.44,329.2,490.25,933.39,239.16,238.06,190.285,302.78,832.785,559.18,712.59,514.53,1226.95,187.32,295.6,178.125,418.06,345.025,101.69,111.44
2025-10-10 19:06:00+00:00,246.215,218.25,329.535,489.91,933.1,239.12,238.2,190.24,302.885,832.785,559.18,712.575,514.405,1227.93,187.47,296.185,177.985,418.25,345.045,101.77,111.48
2025-10-10 19:08:00+00:00,246.2,218.44,329.47,490.125,933.82,239.16,238.155,190.15,302.77,832.86,559.18,712.27,514.265,1227.93,187.465,296.245,178.025,417.645,345.13,101.97,111.465
2025-10-10 19:10:00+00:00,246.16,218.37,328.43,490.125,933.94,238.96,237.95,190.18,302.83,833.64,559.18,712.19,514.315,1226.81,187.19,295.88,177.865,416.38,345.13,101.95,111.34
2025-10-10 19:12:00+00:00,245.975,218.16,328.32,490.28,934.0,238.66,237.62,189.975,302.66,832.16,558.77,711.91,514.14,1226.69,186.88,294.89,177.88,416.0,345.4,102.04,111.265
2025-10-10 19:14:00+00:00,246.125,218.16,328.05,490.28,934.0,238.75,237.64,189.92,302.41,831.12,559.095,711.05,513.825,1226.69,186.7,295.27,177.725,415.77,345.4,101.93,111.29
2025-10-10 19:16:00+00:00,246.27,218.2,328.09,490.07,933.995,238.63,237.645,189.95,302.33,831.12,559.28,711.24,513.95,1226.465,186.99,295.6,177.88,416.33,345.3,101.94,111.24
2025-10-10 19:18:00+00:00,246.24,218.17,328.21,490.69,933.995,238.765,237.77,190.185,302.66,832.18,559.68,711.245,514.07,1227.07,186.935,295.66,178.06,416.11,345.48,101.97,111.32
2025-10-10 19:20:00+00:00,246.2,218.09,328.02,490.69,934.18,238.67,237.72,190.25,302.71,832.18,559.26,711.34,513.99,1227.36,187.08,295.86,178.2,415.86,345.31,101.99,111.315
2025-10-10 19:22:00+00:00,246.15,218.025,327.48,490.69,934.83,238.67,237.71,190.27,302.5,833.06,559.185,710.95,513.605,1228.845,186.91,295.83,177.95,415.3,345.19,102.06,111.26
2025-10-10 19:24:00+00:00,246.13,217.875,327.53,490.69,934.41,238.69,237.69,190.135,302.28,832.8,559.17,710.9,513.635,1227.25,186.86,295.31,177.7,414.95,344.63,101.9,111.19
2025-10-10 19:26:00+00:00,246.125,217.92,327.41,490.69,934.05,238.66,237.68,190.07,302.27,832.8,559.16,710.82,513.59,1225.84,186.915,295.185,177.75,415.13,344.32,102.02,111.23
2025-10-10 19:28:00+00:00,246.05,217.85,326.955,490.13,934.05,238.54,237.51,190.205,302.32,832.26,559.135,710.095,512.955,1226.99,186.6,295.02,177.34,414.0,344.53,102.04,111.22
2025-10-10 19:30:00+00:00,246.18,217.83,326.41,490.13,933.755,238.47,237.71,190.15,302.245,832.79,558.905,709.15,512.78,1226.48,186.465,294.22,176.865,414.36,344.47,101.97,111.18
2025-10-10 19:32:00+00:00,246.28,217.74,326.91,490.18,934.31,238.63,237.59,190.15,302.155,833.785,559.23,709.6,513.05,1225.91,186.27,294.115,176.955,414.23,344.64,101.975,111.19
2025-10-10 19:34:00+00:00,246.18,217.605,325.94,490.18,934.31,238.535,237.52,190.31,302.01,833.725,559.19,709.42,512.93,1224.18,185.73,293.57,176.5,413.86,344.495,102.035,111.235
2025-10-10 19:36:00+00:00,245.98,217.46,326.01,490.14,934.41,238.33,237.4,190.125,301.75,833.725,558.52,708.54,512.29,1224.3,185.58,293.48,175.99,413.62,344.19,102.1,111.15
2025-10-10 19:38:00+00:00,245.985,217.24,325.92,490.14,933.895,237.935,236.93,190.17,301.59,833.84,558.52,707.5,512.375,1223.66,185.165,293.25,175.91,412.81,344.06,102.05,111.07
2025-10-10 19:40:00+00:00,245.955,217.27,325.31,489.78,933.895,237.77,236.73,190.16,301.27,833.84,557.915,707.54,512.015,1222.12,184.84,292.77,176.03,412.09,343.89,101.94,111.005
2025-10-10 19:42:00+00:00,246.6,217.61,326.71,490.1,933.68,238.27,237.31,190.36,301.62,833.84,558.38,709.47,512.46,1223.65,185.435,293.825,176.78,413.56,344.12,102.07,111.065
2025-10-10 19:44:00+00:00,246.705,217.55,326.63,490.1,934.36,238.305,237.24,190.34,302.16,834.85,558.62,709.05,512.75,1223.46,184.87,293.76,176.41,413.69,344.46,102.06,111.09
2025-10-10 19:46:00+00:00,246.7,217.97,327.235,490.78,934.36,238.32,237.41,190.69,302.3,835.77,559.04,709.85,513.275,1223.96,185.16,293.9,177.34,415.45,344.98,102.06,111.235
2025-10-10 19:48:00+00:00,246.5,217.88,327.575,491.12,935.07,238.445,237.42,190.99,302.4,836.48,559.44,709.84,513.11,1223.08,185.38,294.325,177.015,415.71,345.15,102.215,111.285
2025-10-10 19:50:00+00:00,246.22,217.65,327.3,491.12,935.01,238.1,237.085,190.945,302.24,836.16,559.9,709.0,512.48,1224.0,185.0,294.24,176.9,415.2,344.905,102.12,111.21
2025-10-10 19:52:00+00:00,245.795,217.475,327.12,490.32,932.39,237.885,236.92,190.49,301.84,835.13,559.18,707.23,511.58,1221.73,184.72,293.9,176.67,415.31,344.395,101.785,111.14
2025-10-10 19:54:00+00:00,245.21,217.29,326.0,489.805,932.735,237.46,236.48,190.33,301.47,835.76,559.19,706.24,511.11,1221.94,184.57,294.275,176.58,414.315,344.275,101.73,111.16
2025-10-10 19:56:00+00:00,244.895,216.61,325.27,489.65,929.86,237.03,236.2,190.36,300.89,833.49,557.99,705.16,510.905,1220.41,183.92,293.215,176.08,413.78,343.54,101.845,110.96
2025-10-10 19:58:00+00:00,245.385,216.365,325.065,489.615,930.71,237.18,236.355,190.64,301.11,833.13,557.765,705.3,510.915,1220.4,183.375,292.86,175.765,413.975,343.68,101.875,110.97
2025-10-10 20:00:00+00:00,245.295,216.19,324.66,489.17,930.225,237.44,236.57,190.7,300.97,833.295,557.48,705.38,511.24,1219.85,183.15,292.97,175.37,413.48,343.825,101.84,110.76
